Ensemble
NVT
Number of steps
2000000
Output Steps
10
Time step(ps)
0.0005
Temperature(K)
500.0
Couple frequency(cm-1)
1700
Lattice Constant
2.7402961914621904
Super Cell
20     20
Number of atoms (adsorption)
2400
Elem   Mass       X         Y        Z
Ru   101.07        0.79117       -0.30431       -8.51792
Ru   101.07        0.79117        2.43599       -8.51792
Ru   101.07        0.79117        5.17628       -8.51792
Ru   101.07        0.79117        7.91658       -8.51792
Ru   101.07        0.79117       10.65687       -8.51792
Ru   101.07        0.79117       13.39717       -8.51792
Ru   101.07        0.79117       16.13747       -8.51792
Ru   101.07        0.79117       18.87776       -8.51792
Ru   101.07        0.79117       21.61806       -8.51792
Ru   101.07        0.79117       24.35836       -8.51792
Ru   101.07        0.79117       27.09865       -8.51792
Ru   101.07        0.79117       29.83895       -8.51792
Ru   101.07        0.79117       32.57925       -8.51792
Ru   101.07        0.79117       35.31954       -8.51792
Ru   101.07        0.79117       38.05984       -8.51792
Ru   101.07        0.79117       40.80013       -8.51792
Ru   101.07        0.79117       43.54043       -8.51792
Ru   101.07        0.79117       46.28073       -8.51792
Ru   101.07        0.79117       49.02102       -8.51792
Ru   101.07        0.79117       51.76132       -8.51792
Ru   101.07        3.16434       -1.67446       -8.51792
Ru   101.07        3.16434        1.06584       -8.51792
Ru   101.07        3.16434        3.80613       -8.51792
Ru   101.07        3.16434        6.54643       -8.51792
Ru   101.07        3.16434        9.28673       -8.51792
Ru   101.07        3.16434       12.02702       -8.51792
Ru   101.07        3.16434       14.76732       -8.51792
Ru   101.07        3.16434       17.50761       -8.51792
Ru   101.07        3.16434       20.24791       -8.51792
Ru   101.07        3.16434       22.98821       -8.51792
Ru   101.07        3.16434       25.72850       -8.51792
Ru   101.07        3.16434       28.46880       -8.51792
Ru   101.07        3.16434       31.20910       -8.51792
Ru   101.07        3.16434       33.94939       -8.51792
Ru   101.07        3.16434       36.68969       -8.51792
Ru   101.07        3.16434       39.42998       -8.51792
Ru   101.07        3.16434       42.17028       -8.51792
Ru   101.07        3.16434       44.91058       -8.51792
Ru   101.07        3.16434       47.65087       -8.51792
Ru   101.07        3.16434       50.39117       -8.51792
Ru   101.07        5.53750       -3.04461       -8.51792
Ru   101.07        5.53750       -0.30431       -8.51792
Ru   101.07        5.53750        2.43599       -8.51792
Ru   101.07        5.53750        5.17628       -8.51792
Ru   101.07        5.53750        7.91658       -8.51792
Ru   101.07        5.53750       10.65687       -8.51792
Ru   101.07        5.53750       13.39717       -8.51792
Ru   101.07        5.53750       16.13747       -8.51792
Ru   101.07        5.53750       18.87776       -8.51792
Ru   101.07        5.53750       21.61806       -8.51792
Ru   101.07        5.53750       24.35836       -8.51792
Ru   101.07        5.53750       27.09865       -8.51792
Ru   101.07        5.53750       29.83895       -8.51792
Ru   101.07        5.53750       32.57924       -8.51792
Ru   101.07        5.53750       35.31954       -8.51792
Ru   101.07        5.53750       38.05984       -8.51792
Ru   101.07        5.53750       40.80013       -8.51792
Ru   101.07        5.53750       43.54043       -8.51792
Ru   101.07        5.53750       46.28072       -8.51792
Ru   101.07        5.53750       49.02102       -8.51792
Ru   101.07        7.91067       -4.41475       -8.51792
Ru   101.07        7.91067       -1.67446       -8.51792
Ru   101.07        7.91067        1.06584       -8.51792
Ru   101.07        7.91067        3.80613       -8.51792
Ru   101.07        7.91067        6.54643       -8.51792
Ru   101.07        7.91067        9.28673       -8.51792
Ru   101.07        7.91067       12.02702       -8.51792
Ru   101.07        7.91067       14.76732       -8.51792
Ru   101.07        7.91067       17.50762       -8.51792
Ru   101.07        7.91067       20.24791       -8.51792
Ru   101.07        7.91067       22.98821       -8.51792
Ru   101.07        7.91067       25.72850       -8.51792
Ru   101.07        7.91067       28.46880       -8.51792
Ru   101.07        7.91067       31.20909       -8.51792
Ru   101.07        7.91067       33.94939       -8.51792
Ru   101.07        7.91067       36.68969       -8.51792
Ru   101.07        7.91067       39.42999       -8.51792
Ru   101.07        7.91067       42.17028       -8.51792
Ru   101.07        7.91067       44.91058       -8.51792
Ru   101.07        7.91067       47.65087       -8.51792
Ru   101.07       10.28383       -5.78490       -8.51792
Ru   101.07       10.28383       -3.04461       -8.51792
Ru   101.07       10.28383       -0.30431       -8.51792
Ru   101.07       10.28383        2.43599       -8.51792
Ru   101.07       10.28383        5.17628       -8.51792
Ru   101.07       10.28383        7.91658       -8.51792
Ru   101.07       10.28383       10.65688       -8.51792
Ru   101.07       10.28383       13.39717       -8.51792
Ru   101.07       10.28383       16.13747       -8.51792
Ru   101.07       10.28383       18.87776       -8.51792
Ru   101.07       10.28383       21.61806       -8.51792
Ru   101.07       10.28383       24.35836       -8.51792
Ru   101.07       10.28383       27.09865       -8.51792
Ru   101.07       10.28383       29.83895       -8.51792
Ru   101.07       10.28383       32.57924       -8.51792
Ru   101.07       10.28383       35.31954       -8.51792
Ru   101.07       10.28383       38.05984       -8.51792
Ru   101.07       10.28383       40.80013       -8.51792
Ru   101.07       10.28383       43.54043       -8.51792
Ru   101.07       10.28383       46.28072       -8.51792
Ru   101.07       12.65700       -7.15505       -8.51792
Ru   101.07       12.65700       -4.41475       -8.51792
Ru   101.07       12.65700       -1.67446       -8.51792
Ru   101.07       12.65700        1.06584       -8.51792
Ru   101.07       12.65700        3.80613       -8.51792
Ru   101.07       12.65700        6.54643       -8.51792
Ru   101.07       12.65700        9.28673       -8.51792
Ru   101.07       12.65700       12.02702       -8.51792
Ru   101.07       12.65700       14.76732       -8.51792
Ru   101.07       12.65700       17.50761       -8.51792
Ru   101.07       12.65700       20.24791       -8.51792
Ru   101.07       12.65700       22.98821       -8.51792
Ru   101.07       12.65700       25.72851       -8.51792
Ru   101.07       12.65700       28.46880       -8.51792
Ru   101.07       12.65700       31.20910       -8.51792
Ru   101.07       12.65700       33.94939       -8.51792
Ru   101.07       12.65700       36.68969       -8.51792
Ru   101.07       12.65700       39.42999       -8.51792
Ru   101.07       12.65700       42.17028       -8.51792
Ru   101.07       12.65700       44.91058       -8.51792
Ru   101.07       15.03017       -8.52520       -8.51792
Ru   101.07       15.03017       -5.78490       -8.51792
Ru   101.07       15.03017       -3.04461       -8.51792
Ru   101.07       15.03017       -0.30431       -8.51792
Ru   101.07       15.03017        2.43599       -8.51792
Ru   101.07       15.03017        5.17628       -8.51792
Ru   101.07       15.03017        7.91658       -8.51792
Ru   101.07       15.03017       10.65687       -8.51792
Ru   101.07       15.03017       13.39717       -8.51792
Ru   101.07       15.03017       16.13747       -8.51792
Ru   101.07       15.03017       18.87776       -8.51792
Ru   101.07       15.03017       21.61806       -8.51792
Ru   101.07       15.03017       24.35836       -8.51792
Ru   101.07       15.03017       27.09865       -8.51792
Ru   101.07       15.03017       29.83895       -8.51792
Ru   101.07       15.03017       32.57924       -8.51792
Ru   101.07       15.03017       35.31954       -8.51792
Ru   101.07       15.03017       38.05984       -8.51792
Ru   101.07       15.03017       40.80013       -8.51792
Ru   101.07       15.03017       43.54043       -8.51792
Ru   101.07       17.40333       -9.89535       -8.51792
Ru   101.07       17.40333       -7.15505       -8.51792
Ru   101.07       17.40333       -4.41475       -8.51792
Ru   101.07       17.40333       -1.67446       -8.51792
Ru   101.07       17.40333        1.06584       -8.51792
Ru   101.07       17.40333        3.80613       -8.51792
Ru   101.07       17.40333        6.54643       -8.51792
Ru   101.07       17.40333        9.28673       -8.51792
Ru   101.07       17.40333       12.02702       -8.51792
Ru   101.07       17.40333       14.76732       -8.51792
Ru   101.07       17.40333       17.50762       -8.51792
Ru   101.07       17.40333       20.24791       -8.51792
Ru   101.07       17.40333       22.98821       -8.51792
Ru   101.07       17.40333       25.72850       -8.51792
Ru   101.07       17.40333       28.46880       -8.51792
Ru   101.07       17.40333       31.20910       -8.51792
Ru   101.07       17.40333       33.94939       -8.51792
Ru   101.07       17.40333       36.68969       -8.51792
Ru   101.07       17.40333       39.42998       -8.51792
Ru   101.07       17.40333       42.17028       -8.51792
Ru   101.07       19.77650      -11.26549       -8.51792
Ru   101.07       19.77650       -8.52520       -8.51792
Ru   101.07       19.77650       -5.78490       -8.51792
Ru   101.07       19.77650       -3.04461       -8.51792
Ru   101.07       19.77650       -0.30431       -8.51792
Ru   101.07       19.77650        2.43599       -8.51792
Ru   101.07       19.77650        5.17628       -8.51792
Ru   101.07       19.77650        7.91658       -8.51792
Ru   101.07       19.77650       10.65687       -8.51792
Ru   101.07       19.77650       13.39717       -8.51792
Ru   101.07       19.77650       16.13747       -8.51792
Ru   101.07       19.77650       18.87776       -8.51792
Ru   101.07       19.77650       21.61806       -8.51792
Ru   101.07       19.77650       24.35835       -8.51792
Ru   101.07       19.77650       27.09865       -8.51792
Ru   101.07       19.77650       29.83895       -8.51792
Ru   101.07       19.77650       32.57924       -8.51792
Ru   101.07       19.77650       35.31954       -8.51792
Ru   101.07       19.77650       38.05984       -8.51792
Ru   101.07       19.77650       40.80013       -8.51792
Ru   101.07       22.14966      -12.63564       -8.51792
Ru   101.07       22.14966       -9.89535       -8.51792
Ru   101.07       22.14966       -7.15505       -8.51792
Ru   101.07       22.14966       -4.41475       -8.51792
Ru   101.07       22.14966       -1.67446       -8.51792
Ru   101.07       22.14966        1.06584       -8.51792
Ru   101.07       22.14966        3.80614       -8.51792
Ru   101.07       22.14966        6.54643       -8.51792
Ru   101.07       22.14966        9.28673       -8.51792
Ru   101.07       22.14966       12.02702       -8.51792
Ru   101.07       22.14966       14.76732       -8.51792
Ru   101.07       22.14966       17.50762       -8.51792
Ru   101.07       22.14966       20.24791       -8.51792
Ru   101.07       22.14966       22.98821       -8.51792
Ru   101.07       22.14966       25.72850       -8.51792
Ru   101.07       22.14966       28.46880       -8.51792
Ru   101.07       22.14966       31.20910       -8.51792
Ru   101.07       22.14966       33.94939       -8.51792
Ru   101.07       22.14966       36.68969       -8.51792
Ru   101.07       22.14966       39.42998       -8.51792
Ru   101.07       24.52283      -14.00579       -8.51792
Ru   101.07       24.52283      -11.26549       -8.51792
Ru   101.07       24.52283       -8.52520       -8.51792
Ru   101.07       24.52283       -5.78490       -8.51792
Ru   101.07       24.52283       -3.04461       -8.51792
Ru   101.07       24.52283       -0.30431       -8.51792
Ru   101.07       24.52283        2.43599       -8.51792
Ru   101.07       24.52283        5.17628       -8.51792
Ru   101.07       24.52283        7.91658       -8.51792
Ru   101.07       24.52283       10.65687       -8.51792
Ru   101.07       24.52283       13.39717       -8.51792
Ru   101.07       24.52283       16.13747       -8.51792
Ru   101.07       24.52283       18.87776       -8.51792
Ru   101.07       24.52283       21.61806       -8.51792
Ru   101.07       24.52283       24.35836       -8.51792
Ru   101.07       24.52283       27.09865       -8.51792
Ru   101.07       24.52283       29.83895       -8.51792
Ru   101.07       24.52283       32.57925       -8.51792
Ru   101.07       24.52283       35.31954       -8.51792
Ru   101.07       24.52283       38.05984       -8.51792
Ru   101.07       26.89600      -15.37594       -8.51792
Ru   101.07       26.89600      -12.63564       -8.51792
Ru   101.07       26.89600       -9.89535       -8.51792
Ru   101.07       26.89600       -7.15505       -8.51792
Ru   101.07       26.89600       -4.41475       -8.51792
Ru   101.07       26.89600       -1.67446       -8.51792
Ru   101.07       26.89600        1.06584       -8.51792
Ru   101.07       26.89600        3.80613       -8.51792
Ru   101.07       26.89600        6.54643       -8.51792
Ru   101.07       26.89600        9.28673       -8.51792
Ru   101.07       26.89600       12.02702       -8.51792
Ru   101.07       26.89600       14.76732       -8.51792
Ru   101.07       26.89600       17.50762       -8.51792
Ru   101.07       26.89600       20.24791       -8.51792
Ru   101.07       26.89600       22.98821       -8.51792
Ru   101.07       26.89600       25.72850       -8.51792
Ru   101.07       26.89600       28.46880       -8.51792
Ru   101.07       26.89600       31.20910       -8.51792
Ru   101.07       26.89600       33.94939       -8.51792
Ru   101.07       26.89600       36.68969       -8.51792
Ru   101.07       29.26916      -16.74609       -8.51792
Ru   101.07       29.26916      -14.00579       -8.51792
Ru   101.07       29.26916      -11.26550       -8.51792
Ru   101.07       29.26916       -8.52520       -8.51792
Ru   101.07       29.26916       -5.78490       -8.51792
Ru   101.07       29.26916       -3.04461       -8.51792
Ru   101.07       29.26916       -0.30431       -8.51792
Ru   101.07       29.26916        2.43599       -8.51792
Ru   101.07       29.26916        5.17628       -8.51792
Ru   101.07       29.26916        7.91658       -8.51792
Ru   101.07       29.26916       10.65687       -8.51792
Ru   101.07       29.26916       13.39717       -8.51792
Ru   101.07       29.26916       16.13747       -8.51792
Ru   101.07       29.26916       18.87776       -8.51792
Ru   101.07       29.26916       21.61806       -8.51792
Ru   101.07       29.26916       24.35836       -8.51792
Ru   101.07       29.26916       27.09865       -8.51792
Ru   101.07       29.26916       29.83895       -8.51792
Ru   101.07       29.26916       32.57924       -8.51792
Ru   101.07       29.26916       35.31954       -8.51792
Ru   101.07       31.64233      -18.11623       -8.51792
Ru   101.07       31.64233      -15.37594       -8.51792
Ru   101.07       31.64233      -12.63564       -8.51792
Ru   101.07       31.64233       -9.89535       -8.51792
Ru   101.07       31.64233       -7.15505       -8.51792
Ru   101.07       31.64233       -4.41475       -8.51792
Ru   101.07       31.64233       -1.67446       -8.51792
Ru   101.07       31.64233        1.06584       -8.51792
Ru   101.07       31.64233        3.80614       -8.51792
Ru   101.07       31.64233        6.54643       -8.51792
Ru   101.07       31.64233        9.28673       -8.51792
Ru   101.07       31.64233       12.02702       -8.51792
Ru   101.07       31.64233       14.76732       -8.51792
Ru   101.07       31.64233       17.50761       -8.51792
Ru   101.07       31.64233       20.24791       -8.51792
Ru   101.07       31.64233       22.98821       -8.51792
Ru   101.07       31.64233       25.72851       -8.51792
Ru   101.07       31.64233       28.46880       -8.51792
Ru   101.07       31.64233       31.20910       -8.51792
Ru   101.07       31.64233       33.94939       -8.51792
Ru   101.07       34.01550      -19.48638       -8.51792
Ru   101.07       34.01550      -16.74609       -8.51792
Ru   101.07       34.01550      -14.00579       -8.51792
Ru   101.07       34.01550      -11.26549       -8.51792
Ru   101.07       34.01550       -8.52520       -8.51792
Ru   101.07       34.01550       -5.78490       -8.51792
Ru   101.07       34.01550       -3.04461       -8.51792
Ru   101.07       34.01550       -0.30431       -8.51792
Ru   101.07       34.01550        2.43599       -8.51792
Ru   101.07       34.01550        5.17628       -8.51792
Ru   101.07       34.01550        7.91658       -8.51792
Ru   101.07       34.01550       10.65688       -8.51792
Ru   101.07       34.01550       13.39717       -8.51792
Ru   101.07       34.01550       16.13747       -8.51792
Ru   101.07       34.01550       18.87776       -8.51792
Ru   101.07       34.01550       21.61806       -8.51792
Ru   101.07       34.01550       24.35836       -8.51792
Ru   101.07       34.01550       27.09865       -8.51792
Ru   101.07       34.01550       29.83895       -8.51792
Ru   101.07       34.01550       32.57924       -8.51792
Ru   101.07       36.38866      -20.85653       -8.51792
Ru   101.07       36.38866      -18.11624       -8.51792
Ru   101.07       36.38866      -15.37594       -8.51792
Ru   101.07       36.38866      -12.63564       -8.51792
Ru   101.07       36.38866       -9.89535       -8.51792
Ru   101.07       36.38866       -7.15505       -8.51792
Ru   101.07       36.38866       -4.41475       -8.51792
Ru   101.07       36.38866       -1.67446       -8.51792
Ru   101.07       36.38866        1.06584       -8.51792
Ru   101.07       36.38866        3.80613       -8.51792
Ru   101.07       36.38866        6.54643       -8.51792
Ru   101.07       36.38866        9.28673       -8.51792
Ru   101.07       36.38866       12.02702       -8.51792
Ru   101.07       36.38866       14.76732       -8.51792
Ru   101.07       36.38866       17.50761       -8.51792
Ru   101.07       36.38866       20.24791       -8.51792
Ru   101.07       36.38866       22.98821       -8.51792
Ru   101.07       36.38866       25.72851       -8.51792
Ru   101.07       36.38866       28.46880       -8.51792
Ru   101.07       36.38866       31.20910       -8.51792
Ru   101.07       38.76183      -22.22668       -8.51792
Ru   101.07       38.76183      -19.48638       -8.51792
Ru   101.07       38.76183      -16.74609       -8.51792
Ru   101.07       38.76183      -14.00579       -8.51792
Ru   101.07       38.76183      -11.26549       -8.51792
Ru   101.07       38.76183       -8.52520       -8.51792
Ru   101.07       38.76183       -5.78490       -8.51792
Ru   101.07       38.76183       -3.04461       -8.51792
Ru   101.07       38.76183       -0.30431       -8.51792
Ru   101.07       38.76183        2.43599       -8.51792
Ru   101.07       38.76183        5.17628       -8.51792
Ru   101.07       38.76183        7.91658       -8.51792
Ru   101.07       38.76183       10.65688       -8.51792
Ru   101.07       38.76183       13.39717       -8.51792
Ru   101.07       38.76183       16.13747       -8.51792
Ru   101.07       38.76183       18.87776       -8.51792
Ru   101.07       38.76183       21.61806       -8.51792
Ru   101.07       38.76183       24.35836       -8.51792
Ru   101.07       38.76183       27.09865       -8.51792
Ru   101.07       38.76183       29.83895       -8.51792
Ru   101.07       41.13500      -23.59683       -8.51792
Ru   101.07       41.13500      -20.85653       -8.51792
Ru   101.07       41.13500      -18.11624       -8.51792
Ru   101.07       41.13500      -15.37594       -8.51792
Ru   101.07       41.13500      -12.63564       -8.51792
Ru   101.07       41.13500       -9.89535       -8.51792
Ru   101.07       41.13500       -7.15505       -8.51792
Ru   101.07       41.13500       -4.41476       -8.51792
Ru   101.07       41.13500       -1.67446       -8.51792
Ru   101.07       41.13500        1.06584       -8.51792
Ru   101.07       41.13500        3.80613       -8.51792
Ru   101.07       41.13500        6.54643       -8.51792
Ru   101.07       41.13500        9.28673       -8.51792
Ru   101.07       41.13500       12.02702       -8.51792
Ru   101.07       41.13500       14.76732       -8.51792
Ru   101.07       41.13500       17.50761       -8.51792
Ru   101.07       41.13500       20.24791       -8.51792
Ru   101.07       41.13500       22.98821       -8.51792
Ru   101.07       41.13500       25.72850       -8.51792
Ru   101.07       41.13500       28.46880       -8.51792
Ru   101.07       43.50816      -24.96698       -8.51792
Ru   101.07       43.50816      -22.22668       -8.51792
Ru   101.07       43.50816      -19.48638       -8.51792
Ru   101.07       43.50816      -16.74609       -8.51792
Ru   101.07       43.50816      -14.00579       -8.51792
Ru   101.07       43.50816      -11.26549       -8.51792
Ru   101.07       43.50816       -8.52520       -8.51792
Ru   101.07       43.50816       -5.78490       -8.51792
Ru   101.07       43.50816       -3.04461       -8.51792
Ru   101.07       43.50816       -0.30431       -8.51792
Ru   101.07       43.50816        2.43599       -8.51792
Ru   101.07       43.50816        5.17628       -8.51792
Ru   101.07       43.50816        7.91658       -8.51792
Ru   101.07       43.50816       10.65687       -8.51792
Ru   101.07       43.50816       13.39717       -8.51792
Ru   101.07       43.50816       16.13747       -8.51792
Ru   101.07       43.50816       18.87776       -8.51792
Ru   101.07       43.50816       21.61806       -8.51792
Ru   101.07       43.50816       24.35836       -8.51792
Ru   101.07       43.50816       27.09865       -8.51792
Ru   101.07       45.88133      -26.33712       -8.51792
Ru   101.07       45.88133      -23.59683       -8.51792
Ru   101.07       45.88133      -20.85653       -8.51792
Ru   101.07       45.88133      -18.11623       -8.51792
Ru   101.07       45.88133      -15.37594       -8.51792
Ru   101.07       45.88133      -12.63564       -8.51792
Ru   101.07       45.88133       -9.89535       -8.51792
Ru   101.07       45.88133       -7.15505       -8.51792
Ru   101.07       45.88133       -4.41475       -8.51792
Ru   101.07       45.88133       -1.67446       -8.51792
Ru   101.07       45.88133        1.06584       -8.51792
Ru   101.07       45.88133        3.80614       -8.51792
Ru   101.07       45.88133        6.54643       -8.51792
Ru   101.07       45.88133        9.28673       -8.51792
Ru   101.07       45.88133       12.02702       -8.51792
Ru   101.07       45.88133       14.76732       -8.51792
Ru   101.07       45.88133       17.50762       -8.51792
Ru   101.07       45.88133       20.24791       -8.51792
Ru   101.07       45.88133       22.98821       -8.51792
Ru   101.07       45.88133       25.72850       -8.51792
Ru   101.07        1.58222        1.06585       -6.38538
Ru   101.07        1.58222        3.80615       -6.38538
Ru   101.07        1.58222        6.54644       -6.38538
Ru   101.07        1.58222        9.28674       -6.38538
Ru   101.07        1.58222       12.02704       -6.38538
Ru   101.07        1.58222       14.76733       -6.38538
Ru   101.07        1.58222       17.50763       -6.38538
Ru   101.07        1.58222       20.24793       -6.38538
Ru   101.07        1.58222       22.98822       -6.38538
Ru   101.07        1.58222       25.72852       -6.38538
Ru   101.07        1.58222       28.46881       -6.38538
Ru   101.07        1.58222       31.20911       -6.38538
Ru   101.07        1.58222       33.94941       -6.38538
Ru   101.07        1.58222       36.68970       -6.38538
Ru   101.07        1.58222       39.43000       -6.38538
Ru   101.07        1.58222       42.17029       -6.38538
Ru   101.07        1.58222       44.91059       -6.38538
Ru   101.07        1.58222       47.65089       -6.38538
Ru   101.07        1.58222       50.39118       -6.38538
Ru   101.07        1.58222       53.13148       -6.38538
Ru   101.07        3.95538       -0.30430       -6.38538
Ru   101.07        3.95538        2.43600       -6.38538
Ru   101.07        3.95538        5.17630       -6.38538
Ru   101.07        3.95538        7.91659       -6.38538
Ru   101.07        3.95538       10.65689       -6.38538
Ru   101.07        3.95538       13.39718       -6.38538
Ru   101.07        3.95538       16.13748       -6.38538
Ru   101.07        3.95538       18.87778       -6.38538
Ru   101.07        3.95538       21.61807       -6.38538
Ru   101.07        3.95538       24.35837       -6.38538
Ru   101.07        3.95538       27.09867       -6.38538
Ru   101.07        3.95538       29.83896       -6.38538
Ru   101.07        3.95538       32.57926       -6.38538
Ru   101.07        3.95538       35.31955       -6.38538
Ru   101.07        3.95538       38.05985       -6.38538
Ru   101.07        3.95538       40.80015       -6.38538
Ru   101.07        3.95538       43.54044       -6.38538
Ru   101.07        3.95538       46.28074       -6.38538
Ru   101.07        3.95538       49.02104       -6.38538
Ru   101.07        3.95538       51.76133       -6.38538
Ru   101.07        6.32855       -1.67444       -6.38538
Ru   101.07        6.32855        1.06585       -6.38538
Ru   101.07        6.32855        3.80615       -6.38538
Ru   101.07        6.32855        6.54644       -6.38538
Ru   101.07        6.32855        9.28674       -6.38538
Ru   101.07        6.32855       12.02704       -6.38538
Ru   101.07        6.32855       14.76733       -6.38538
Ru   101.07        6.32855       17.50763       -6.38538
Ru   101.07        6.32855       20.24793       -6.38538
Ru   101.07        6.32855       22.98822       -6.38538
Ru   101.07        6.32855       25.72852       -6.38538
Ru   101.07        6.32855       28.46881       -6.38538
Ru   101.07        6.32855       31.20911       -6.38538
Ru   101.07        6.32855       33.94941       -6.38538
Ru   101.07        6.32855       36.68970       -6.38538
Ru   101.07        6.32855       39.43000       -6.38538
Ru   101.07        6.32855       42.17029       -6.38538
Ru   101.07        6.32855       44.91059       -6.38538
Ru   101.07        6.32855       47.65089       -6.38538
Ru   101.07        6.32855       50.39118       -6.38538
Ru   101.07        8.70172       -3.04459       -6.38538
Ru   101.07        8.70172       -0.30430       -6.38538
Ru   101.07        8.70172        2.43600       -6.38538
Ru   101.07        8.70172        5.17630       -6.38538
Ru   101.07        8.70172        7.91659       -6.38538
Ru   101.07        8.70172       10.65689       -6.38538
Ru   101.07        8.70172       13.39718       -6.38538
Ru   101.07        8.70172       16.13748       -6.38538
Ru   101.07        8.70172       18.87778       -6.38538
Ru   101.07        8.70172       21.61807       -6.38538
Ru   101.07        8.70172       24.35837       -6.38538
Ru   101.07        8.70172       27.09867       -6.38538
Ru   101.07        8.70172       29.83896       -6.38538
Ru   101.07        8.70172       32.57926       -6.38538
Ru   101.07        8.70172       35.31955       -6.38538
Ru   101.07        8.70172       38.05985       -6.38538
Ru   101.07        8.70172       40.80015       -6.38538
Ru   101.07        8.70172       43.54044       -6.38538
Ru   101.07        8.70172       46.28074       -6.38538
Ru   101.07        8.70172       49.02104       -6.38538
Ru   101.07       11.07488       -4.41474       -6.38538
Ru   101.07       11.07488       -1.67444       -6.38538
Ru   101.07       11.07488        1.06585       -6.38538
Ru   101.07       11.07488        3.80615       -6.38538
Ru   101.07       11.07488        6.54644       -6.38538
Ru   101.07       11.07488        9.28674       -6.38538
Ru   101.07       11.07488       12.02704       -6.38538
Ru   101.07       11.07488       14.76733       -6.38538
Ru   101.07       11.07488       17.50763       -6.38538
Ru   101.07       11.07488       20.24793       -6.38538
Ru   101.07       11.07488       22.98822       -6.38538
Ru   101.07       11.07488       25.72852       -6.38538
Ru   101.07       11.07488       28.46881       -6.38538
Ru   101.07       11.07488       31.20911       -6.38538
Ru   101.07       11.07488       33.94941       -6.38538
Ru   101.07       11.07488       36.68970       -6.38538
Ru   101.07       11.07488       39.43000       -6.38538
Ru   101.07       11.07488       42.17029       -6.38538
Ru   101.07       11.07488       44.91059       -6.38538
Ru   101.07       11.07488       47.65089       -6.38538
Ru   101.07       13.44805       -5.78489       -6.38538
Ru   101.07       13.44805       -3.04459       -6.38538
Ru   101.07       13.44805       -0.30430       -6.38538
Ru   101.07       13.44805        2.43600       -6.38538
Ru   101.07       13.44805        5.17630       -6.38538
Ru   101.07       13.44805        7.91659       -6.38538
Ru   101.07       13.44805       10.65689       -6.38538
Ru   101.07       13.44805       13.39718       -6.38538
Ru   101.07       13.44805       16.13748       -6.38538
Ru   101.07       13.44805       18.87778       -6.38538
Ru   101.07       13.44805       21.61807       -6.38538
Ru   101.07       13.44805       24.35837       -6.38538
Ru   101.07       13.44805       27.09867       -6.38538
Ru   101.07       13.44805       29.83896       -6.38538
Ru   101.07       13.44805       32.57926       -6.38538
Ru   101.07       13.44805       35.31955       -6.38538
Ru   101.07       13.44805       38.05985       -6.38538
Ru   101.07       13.44805       40.80015       -6.38538
Ru   101.07       13.44805       43.54044       -6.38538
Ru   101.07       13.44805       46.28074       -6.38538
Ru   101.07       15.82121       -7.15504       -6.38538
Ru   101.07       15.82121       -4.41474       -6.38538
Ru   101.07       15.82121       -1.67444       -6.38538
Ru   101.07       15.82121        1.06585       -6.38538
Ru   101.07       15.82121        3.80615       -6.38538
Ru   101.07       15.82121        6.54644       -6.38538
Ru   101.07       15.82121        9.28674       -6.38538
Ru   101.07       15.82121       12.02704       -6.38538
Ru   101.07       15.82121       14.76733       -6.38538
Ru   101.07       15.82121       17.50763       -6.38538
Ru   101.07       15.82121       20.24793       -6.38538
Ru   101.07       15.82121       22.98822       -6.38538
Ru   101.07       15.82121       25.72852       -6.38538
Ru   101.07       15.82121       28.46881       -6.38538
Ru   101.07       15.82121       31.20911       -6.38538
Ru   101.07       15.82121       33.94941       -6.38538
Ru   101.07       15.82121       36.68970       -6.38538
Ru   101.07       15.82121       39.43000       -6.38538
Ru   101.07       15.82121       42.17029       -6.38538
Ru   101.07       15.82121       44.91059       -6.38538
Ru   101.07       18.19438       -8.52518       -6.38538
Ru   101.07       18.19438       -5.78489       -6.38538
Ru   101.07       18.19438       -3.04459       -6.38538
Ru   101.07       18.19438       -0.30430       -6.38538
Ru   101.07       18.19438        2.43600       -6.38538
Ru   101.07       18.19438        5.17630       -6.38538
Ru   101.07       18.19438        7.91659       -6.38538
Ru   101.07       18.19438       10.65689       -6.38538
Ru   101.07       18.19438       13.39718       -6.38538
Ru   101.07       18.19438       16.13748       -6.38538
Ru   101.07       18.19438       18.87778       -6.38538
Ru   101.07       18.19438       21.61807       -6.38538
Ru   101.07       18.19438       24.35837       -6.38538
Ru   101.07       18.19438       27.09867       -6.38538
Ru   101.07       18.19438       29.83896       -6.38538
Ru   101.07       18.19438       32.57926       -6.38538
Ru   101.07       18.19438       35.31955       -6.38538
Ru   101.07       18.19438       38.05985       -6.38538
Ru   101.07       18.19438       40.80015       -6.38538
Ru   101.07       18.19438       43.54044       -6.38538
Ru   101.07       20.56755       -9.89533       -6.38538
Ru   101.07       20.56755       -7.15504       -6.38538
Ru   101.07       20.56755       -4.41474       -6.38538
Ru   101.07       20.56755       -1.67444       -6.38538
Ru   101.07       20.56755        1.06585       -6.38538
Ru   101.07       20.56755        3.80615       -6.38538
Ru   101.07       20.56755        6.54644       -6.38538
Ru   101.07       20.56755        9.28674       -6.38538
Ru   101.07       20.56755       12.02704       -6.38538
Ru   101.07       20.56755       14.76733       -6.38538
Ru   101.07       20.56755       17.50763       -6.38538
Ru   101.07       20.56755       20.24793       -6.38538
Ru   101.07       20.56755       22.98822       -6.38538
Ru   101.07       20.56755       25.72852       -6.38538
Ru   101.07       20.56755       28.46881       -6.38538
Ru   101.07       20.56755       31.20911       -6.38538
Ru   101.07       20.56755       33.94941       -6.38538
Ru   101.07       20.56755       36.68970       -6.38538
Ru   101.07       20.56755       39.43000       -6.38538
Ru   101.07       20.56755       42.17029       -6.38538
Ru   101.07       22.94071      -11.26548       -6.38538
Ru   101.07       22.94071       -8.52518       -6.38538
Ru   101.07       22.94071       -5.78489       -6.38538
Ru   101.07       22.94071       -3.04459       -6.38538
Ru   101.07       22.94071       -0.30430       -6.38538
Ru   101.07       22.94071        2.43600       -6.38538
Ru   101.07       22.94071        5.17630       -6.38538
Ru   101.07       22.94071        7.91659       -6.38538
Ru   101.07       22.94071       10.65689       -6.38538
Ru   101.07       22.94071       13.39718       -6.38538
Ru   101.07       22.94071       16.13748       -6.38538
Ru   101.07       22.94071       18.87778       -6.38538
Ru   101.07       22.94071       21.61807       -6.38538
Ru   101.07       22.94071       24.35837       -6.38538
Ru   101.07       22.94071       27.09867       -6.38538
Ru   101.07       22.94071       29.83896       -6.38538
Ru   101.07       22.94071       32.57926       -6.38538
Ru   101.07       22.94071       35.31955       -6.38538
Ru   101.07       22.94071       38.05985       -6.38538
Ru   101.07       22.94071       40.80015       -6.38538
Ru   101.07       25.31388      -12.63563       -6.38538
Ru   101.07       25.31388       -9.89533       -6.38538
Ru   101.07       25.31388       -7.15504       -6.38538
Ru   101.07       25.31388       -4.41474       -6.38538
Ru   101.07       25.31388       -1.67444       -6.38538
Ru   101.07       25.31388        1.06585       -6.38538
Ru   101.07       25.31388        3.80615       -6.38538
Ru   101.07       25.31388        6.54644       -6.38538
Ru   101.07       25.31388        9.28674       -6.38538
Ru   101.07       25.31388       12.02704       -6.38538
Ru   101.07       25.31388       14.76733       -6.38538
Ru   101.07       25.31388       17.50763       -6.38538
Ru   101.07       25.31388       20.24793       -6.38538
Ru   101.07       25.31388       22.98822       -6.38538
Ru   101.07       25.31388       25.72852       -6.38538
Ru   101.07       25.31388       28.46881       -6.38538
Ru   101.07       25.31388       31.20911       -6.38538
Ru   101.07       25.31388       33.94941       -6.38538
Ru   101.07       25.31388       36.68970       -6.38538
Ru   101.07       25.31388       39.43000       -6.38538
Ru   101.07       27.68704      -14.00578       -6.38538
Ru   101.07       27.68704      -11.26548       -6.38538
Ru   101.07       27.68704       -8.52518       -6.38538
Ru   101.07       27.68704       -5.78489       -6.38538
Ru   101.07       27.68704       -3.04459       -6.38538
Ru   101.07       27.68704       -0.30430       -6.38538
Ru   101.07       27.68704        2.43600       -6.38538
Ru   101.07       27.68704        5.17630       -6.38538
Ru   101.07       27.68704        7.91659       -6.38538
Ru   101.07       27.68704       10.65689       -6.38538
Ru   101.07       27.68704       13.39718       -6.38538
Ru   101.07       27.68704       16.13748       -6.38538
Ru   101.07       27.68704       18.87778       -6.38538
Ru   101.07       27.68704       21.61807       -6.38538
Ru   101.07       27.68704       24.35837       -6.38538
Ru   101.07       27.68704       27.09867       -6.38538
Ru   101.07       27.68704       29.83896       -6.38538
Ru   101.07       27.68704       32.57926       -6.38538
Ru   101.07       27.68704       35.31955       -6.38538
Ru   101.07       27.68704       38.05985       -6.38538
Ru   101.07       30.06021      -15.37593       -6.38538
Ru   101.07       30.06021      -12.63563       -6.38538
Ru   101.07       30.06021       -9.89533       -6.38538
Ru   101.07       30.06021       -7.15504       -6.38538
Ru   101.07       30.06021       -4.41474       -6.38538
Ru   101.07       30.06021       -1.67444       -6.38538
Ru   101.07       30.06021        1.06585       -6.38538
Ru   101.07       30.06021        3.80615       -6.38538
Ru   101.07       30.06021        6.54644       -6.38538
Ru   101.07       30.06021        9.28674       -6.38538
Ru   101.07       30.06021       12.02704       -6.38538
Ru   101.07       30.06021       14.76733       -6.38538
Ru   101.07       30.06021       17.50763       -6.38538
Ru   101.07       30.06021       20.24793       -6.38538
Ru   101.07       30.06021       22.98822       -6.38538
Ru   101.07       30.06021       25.72852       -6.38538
Ru   101.07       30.06021       28.46881       -6.38538
Ru   101.07       30.06021       31.20911       -6.38538
Ru   101.07       30.06021       33.94941       -6.38538
Ru   101.07       30.06021       36.68970       -6.38538
Ru   101.07       32.43338      -16.74607       -6.38538
Ru   101.07       32.43338      -14.00578       -6.38538
Ru   101.07       32.43338      -11.26548       -6.38538
Ru   101.07       32.43338       -8.52518       -6.38538
Ru   101.07       32.43338       -5.78489       -6.38538
Ru   101.07       32.43338       -3.04459       -6.38538
Ru   101.07       32.43338       -0.30430       -6.38538
Ru   101.07       32.43338        2.43600       -6.38538
Ru   101.07       32.43338        5.17630       -6.38538
Ru   101.07       32.43338        7.91659       -6.38538
Ru   101.07       32.43338       10.65689       -6.38538
Ru   101.07       32.43338       13.39718       -6.38538
Ru   101.07       32.43338       16.13748       -6.38538
Ru   101.07       32.43338       18.87778       -6.38538
Ru   101.07       32.43338       21.61807       -6.38538
Ru   101.07       32.43338       24.35837       -6.38538
Ru   101.07       32.43338       27.09867       -6.38538
Ru   101.07       32.43338       29.83896       -6.38538
Ru   101.07       32.43338       32.57926       -6.38538
Ru   101.07       32.43338       35.31955       -6.38538
Ru   101.07       34.80654      -18.11622       -6.38538
Ru   101.07       34.80654      -15.37593       -6.38538
Ru   101.07       34.80654      -12.63563       -6.38538
Ru   101.07       34.80654       -9.89533       -6.38538
Ru   101.07       34.80654       -7.15504       -6.38538
Ru   101.07       34.80654       -4.41474       -6.38538
Ru   101.07       34.80654       -1.67444       -6.38538
Ru   101.07       34.80654        1.06585       -6.38538
Ru   101.07       34.80654        3.80615       -6.38538
Ru   101.07       34.80654        6.54644       -6.38538
Ru   101.07       34.80654        9.28674       -6.38538
Ru   101.07       34.80654       12.02704       -6.38538
Ru   101.07       34.80654       14.76733       -6.38538
Ru   101.07       34.80654       17.50763       -6.38538
Ru   101.07       34.80654       20.24793       -6.38538
Ru   101.07       34.80654       22.98822       -6.38538
Ru   101.07       34.80654       25.72852       -6.38538
Ru   101.07       34.80654       28.46881       -6.38538
Ru   101.07       34.80654       31.20911       -6.38538
Ru   101.07       34.80654       33.94941       -6.38538
Ru   101.07       37.17971      -19.48637       -6.38538
Ru   101.07       37.17971      -16.74607       -6.38538
Ru   101.07       37.17971      -14.00578       -6.38538
Ru   101.07       37.17971      -11.26548       -6.38538
Ru   101.07       37.17971       -8.52518       -6.38538
Ru   101.07       37.17971       -5.78489       -6.38538
Ru   101.07       37.17971       -3.04459       -6.38538
Ru   101.07       37.17971       -0.30430       -6.38538
Ru   101.07       37.17971        2.43600       -6.38538
Ru   101.07       37.17971        5.17630       -6.38538
Ru   101.07       37.17971        7.91659       -6.38538
Ru   101.07       37.17971       10.65689       -6.38538
Ru   101.07       37.17971       13.39718       -6.38538
Ru   101.07       37.17971       16.13748       -6.38538
Ru   101.07       37.17971       18.87778       -6.38538
Ru   101.07       37.17971       21.61807       -6.38538
Ru   101.07       37.17971       24.35837       -6.38538
Ru   101.07       37.17971       27.09867       -6.38538
Ru   101.07       37.17971       29.83896       -6.38538
Ru   101.07       37.17971       32.57926       -6.38538
Ru   101.07       39.55288      -20.85652       -6.38538
Ru   101.07       39.55288      -18.11622       -6.38538
Ru   101.07       39.55288      -15.37593       -6.38538
Ru   101.07       39.55288      -12.63563       -6.38538
Ru   101.07       39.55288       -9.89533       -6.38538
Ru   101.07       39.55288       -7.15504       -6.38538
Ru   101.07       39.55288       -4.41474       -6.38538
Ru   101.07       39.55288       -1.67444       -6.38538
Ru   101.07       39.55288        1.06585       -6.38538
Ru   101.07       39.55288        3.80615       -6.38538
Ru   101.07       39.55288        6.54644       -6.38538
Ru   101.07       39.55288        9.28674       -6.38538
Ru   101.07       39.55288       12.02704       -6.38538
Ru   101.07       39.55288       14.76733       -6.38538
Ru   101.07       39.55288       17.50763       -6.38538
Ru   101.07       39.55288       20.24793       -6.38538
Ru   101.07       39.55288       22.98822       -6.38538
Ru   101.07       39.55288       25.72852       -6.38538
Ru   101.07       39.55288       28.46881       -6.38538
Ru   101.07       39.55288       31.20911       -6.38538
Ru   101.07       41.92604      -22.22667       -6.38538
Ru   101.07       41.92604      -19.48637       -6.38538
Ru   101.07       41.92604      -16.74607       -6.38538
Ru   101.07       41.92604      -14.00578       -6.38538
Ru   101.07       41.92604      -11.26548       -6.38538
Ru   101.07       41.92604       -8.52518       -6.38538
Ru   101.07       41.92604       -5.78489       -6.38538
Ru   101.07       41.92604       -3.04459       -6.38538
Ru   101.07       41.92604       -0.30430       -6.38538
Ru   101.07       41.92604        2.43600       -6.38538
Ru   101.07       41.92604        5.17630       -6.38538
Ru   101.07       41.92604        7.91659       -6.38538
Ru   101.07       41.92604       10.65689       -6.38538
Ru   101.07       41.92604       13.39718       -6.38538
Ru   101.07       41.92604       16.13748       -6.38538
Ru   101.07       41.92604       18.87778       -6.38538
Ru   101.07       41.92604       21.61807       -6.38538
Ru   101.07       41.92604       24.35837       -6.38538
Ru   101.07       41.92604       27.09867       -6.38538
Ru   101.07       41.92604       29.83896       -6.38538
Ru   101.07       44.29921      -23.59681       -6.38538
Ru   101.07       44.29921      -20.85652       -6.38538
Ru   101.07       44.29921      -18.11622       -6.38538
Ru   101.07       44.29921      -15.37593       -6.38538
Ru   101.07       44.29921      -12.63563       -6.38538
Ru   101.07       44.29921       -9.89533       -6.38538
Ru   101.07       44.29921       -7.15504       -6.38538
Ru   101.07       44.29921       -4.41474       -6.38538
Ru   101.07       44.29921       -1.67444       -6.38538
Ru   101.07       44.29921        1.06585       -6.38538
Ru   101.07       44.29921        3.80615       -6.38538
Ru   101.07       44.29921        6.54644       -6.38538
Ru   101.07       44.29921        9.28674       -6.38538
Ru   101.07       44.29921       12.02704       -6.38538
Ru   101.07       44.29921       14.76733       -6.38538
Ru   101.07       44.29921       17.50763       -6.38538
Ru   101.07       44.29921       20.24793       -6.38538
Ru   101.07       44.29921       22.98822       -6.38538
Ru   101.07       44.29921       25.72852       -6.38538
Ru   101.07       44.29921       28.46881       -6.38538
Ru   101.07       46.67237      -24.96696       -6.38538
Ru   101.07       46.67237      -22.22667       -6.38538
Ru   101.07       46.67237      -19.48637       -6.38538
Ru   101.07       46.67237      -16.74607       -6.38538
Ru   101.07       46.67237      -14.00578       -6.38538
Ru   101.07       46.67237      -11.26548       -6.38538
Ru   101.07       46.67237       -8.52518       -6.38538
Ru   101.07       46.67237       -5.78489       -6.38538
Ru   101.07       46.67237       -3.04459       -6.38538
Ru   101.07       46.67237       -0.30430       -6.38538
Ru   101.07       46.67237        2.43600       -6.38538
Ru   101.07       46.67237        5.17630       -6.38538
Ru   101.07       46.67237        7.91659       -6.38538
Ru   101.07       46.67237       10.65689       -6.38538
Ru   101.07       46.67237       13.39718       -6.38538
Ru   101.07       46.67237       16.13748       -6.38538
Ru   101.07       46.67237       18.87778       -6.38538
Ru   101.07       46.67237       21.61807       -6.38538
Ru   101.07       46.67237       24.35837       -6.38538
Ru   101.07       46.67237       27.09867       -6.38538
Ru   101.07        0.79117       -0.30431       -4.23497
Ru   101.07        0.79117        2.43599       -4.23497
Ru   101.07        0.79117        5.17628       -4.23497
Ru   101.07        0.79117        7.91658       -4.23497
Ru   101.07        0.79117       10.65687       -4.23497
Ru   101.07        0.79117       13.39717       -4.23497
Ru   101.07        0.79117       16.13747       -4.23497
Ru   101.07        0.79117       18.87776       -4.23497
Ru   101.07        0.79117       21.61806       -4.23497
Ru   101.07        0.79117       24.35836       -4.23497
Ru   101.07        0.79117       27.09865       -4.23497
Ru   101.07        0.79117       29.83895       -4.23497
Ru   101.07        0.79117       32.57925       -4.23497
Ru   101.07        0.79117       35.31954       -4.23497
Ru   101.07        0.79117       38.05984       -4.23497
Ru   101.07        0.79117       40.80013       -4.23497
Ru   101.07        0.79117       43.54043       -4.23497
Ru   101.07        0.79117       46.28073       -4.23497
Ru   101.07        0.79117       49.02102       -4.23497
Ru   101.07        0.79117       51.76132       -4.23497
Ru   101.07        3.16434       -1.67446       -4.23497
Ru   101.07        3.16434        1.06584       -4.23497
Ru   101.07        3.16434        3.80613       -4.23497
Ru   101.07        3.16434        6.54643       -4.23497
Ru   101.07        3.16434        9.28673       -4.23497
Ru   101.07        3.16434       12.02702       -4.23497
Ru   101.07        3.16434       14.76732       -4.23497
Ru   101.07        3.16434       17.50761       -4.23497
Ru   101.07        3.16434       20.24791       -4.23497
Ru   101.07        3.16434       22.98821       -4.23497
Ru   101.07        3.16434       25.72850       -4.23497
Ru   101.07        3.16434       28.46880       -4.23497
Ru   101.07        3.16434       31.20910       -4.23497
Ru   101.07        3.16434       33.94939       -4.23497
Ru   101.07        3.16434       36.68969       -4.23497
Ru   101.07        3.16434       39.42998       -4.23497
Ru   101.07        3.16434       42.17028       -4.23497
Ru   101.07        3.16434       44.91058       -4.23497
Ru   101.07        3.16434       47.65087       -4.23497
Ru   101.07        3.16434       50.39117       -4.23497
Ru   101.07        5.53750       -3.04461       -4.23497
Ru   101.07        5.53750       -0.30431       -4.23497
Ru   101.07        5.53750        2.43599       -4.23497
Ru   101.07        5.53750        5.17628       -4.23497
Ru   101.07        5.53750        7.91658       -4.23497
Ru   101.07        5.53750       10.65687       -4.23497
Ru   101.07        5.53750       13.39717       -4.23497
Ru   101.07        5.53750       16.13747       -4.23497
Ru   101.07        5.53750       18.87776       -4.23497
Ru   101.07        5.53750       21.61806       -4.23497
Ru   101.07        5.53750       24.35836       -4.23497
Ru   101.07        5.53750       27.09865       -4.23497
Ru   101.07        5.53750       29.83895       -4.23497
Ru   101.07        5.53750       32.57924       -4.23497
Ru   101.07        5.53750       35.31954       -4.23497
Ru   101.07        5.53750       38.05984       -4.23497
Ru   101.07        5.53750       40.80013       -4.23497
Ru   101.07        5.53750       43.54043       -4.23497
Ru   101.07        5.53750       46.28072       -4.23497
Ru   101.07        5.53750       49.02102       -4.23497
Ru   101.07        7.91067       -4.41475       -4.23497
Ru   101.07        7.91067       -1.67446       -4.23497
Ru   101.07        7.91067        1.06584       -4.23497
Ru   101.07        7.91067        3.80613       -4.23497
Ru   101.07        7.91067        6.54643       -4.23497
Ru   101.07        7.91067        9.28673       -4.23497
Ru   101.07        7.91067       12.02702       -4.23497
Ru   101.07        7.91067       14.76732       -4.23497
Ru   101.07        7.91067       17.50762       -4.23497
Ru   101.07        7.91067       20.24791       -4.23497
Ru   101.07        7.91067       22.98821       -4.23497
Ru   101.07        7.91067       25.72850       -4.23497
Ru   101.07        7.91067       28.46880       -4.23497
Ru   101.07        7.91067       31.20909       -4.23497
Ru   101.07        7.91067       33.94939       -4.23497
Ru   101.07        7.91067       36.68969       -4.23497
Ru   101.07        7.91067       39.42999       -4.23497
Ru   101.07        7.91067       42.17028       -4.23497
Ru   101.07        7.91067       44.91058       -4.23497
Ru   101.07        7.91067       47.65087       -4.23497
Ru   101.07       10.28383       -5.78490       -4.23497
Ru   101.07       10.28383       -3.04461       -4.23497
Ru   101.07       10.28383       -0.30431       -4.23497
Ru   101.07       10.28383        2.43599       -4.23497
Ru   101.07       10.28383        5.17628       -4.23497
Ru   101.07       10.28383        7.91658       -4.23497
Ru   101.07       10.28383       10.65688       -4.23497
Ru   101.07       10.28383       13.39717       -4.23497
Ru   101.07       10.28383       16.13747       -4.23497
Ru   101.07       10.28383       18.87776       -4.23497
Ru   101.07       10.28383       21.61806       -4.23497
Ru   101.07       10.28383       24.35836       -4.23497
Ru   101.07       10.28383       27.09865       -4.23497
Ru   101.07       10.28383       29.83895       -4.23497
Ru   101.07       10.28383       32.57924       -4.23497
Ru   101.07       10.28383       35.31954       -4.23497
Ru   101.07       10.28383       38.05984       -4.23497
Ru   101.07       10.28383       40.80013       -4.23497
Ru   101.07       10.28383       43.54043       -4.23497
Ru   101.07       10.28383       46.28072       -4.23497
Ru   101.07       12.65700       -7.15505       -4.23497
Ru   101.07       12.65700       -4.41475       -4.23497
Ru   101.07       12.65700       -1.67446       -4.23497
Ru   101.07       12.65700        1.06584       -4.23497
Ru   101.07       12.65700        3.80613       -4.23497
Ru   101.07       12.65700        6.54643       -4.23497
Ru   101.07       12.65700        9.28673       -4.23497
Ru   101.07       12.65700       12.02702       -4.23497
Ru   101.07       12.65700       14.76732       -4.23497
Ru   101.07       12.65700       17.50761       -4.23497
Ru   101.07       12.65700       20.24791       -4.23497
Ru   101.07       12.65700       22.98821       -4.23497
Ru   101.07       12.65700       25.72851       -4.23497
Ru   101.07       12.65700       28.46880       -4.23497
Ru   101.07       12.65700       31.20910       -4.23497
Ru   101.07       12.65700       33.94939       -4.23497
Ru   101.07       12.65700       36.68969       -4.23497
Ru   101.07       12.65700       39.42999       -4.23497
Ru   101.07       12.65700       42.17028       -4.23497
Ru   101.07       12.65700       44.91058       -4.23497
Ru   101.07       15.03017       -8.52520       -4.23497
Ru   101.07       15.03017       -5.78490       -4.23497
Ru   101.07       15.03017       -3.04461       -4.23497
Ru   101.07       15.03017       -0.30431       -4.23497
Ru   101.07       15.03017        2.43599       -4.23497
Ru   101.07       15.03017        5.17628       -4.23497
Ru   101.07       15.03017        7.91658       -4.23497
Ru   101.07       15.03017       10.65687       -4.23497
Ru   101.07       15.03017       13.39717       -4.23497
Ru   101.07       15.03017       16.13747       -4.23497
Ru   101.07       15.03017       18.87776       -4.23497
Ru   101.07       15.03017       21.61806       -4.23497
Ru   101.07       15.03017       24.35836       -4.23497
Ru   101.07       15.03017       27.09865       -4.23497
Ru   101.07       15.03017       29.83895       -4.23497
Ru   101.07       15.03017       32.57924       -4.23497
Ru   101.07       15.03017       35.31954       -4.23497
Ru   101.07       15.03017       38.05984       -4.23497
Ru   101.07       15.03017       40.80013       -4.23497
Ru   101.07       15.03017       43.54043       -4.23497
Ru   101.07       17.40333       -9.89535       -4.23497
Ru   101.07       17.40333       -7.15505       -4.23497
Ru   101.07       17.40333       -4.41475       -4.23497
Ru   101.07       17.40333       -1.67446       -4.23497
Ru   101.07       17.40333        1.06584       -4.23497
Ru   101.07       17.40333        3.80613       -4.23497
Ru   101.07       17.40333        6.54643       -4.23497
Ru   101.07       17.40333        9.28673       -4.23497
Ru   101.07       17.40333       12.02702       -4.23497
Ru   101.07       17.40333       14.76732       -4.23497
Ru   101.07       17.40333       17.50762       -4.23497
Ru   101.07       17.40333       20.24791       -4.23497
Ru   101.07       17.40333       22.98821       -4.23497
Ru   101.07       17.40333       25.72850       -4.23497
Ru   101.07       17.40333       28.46880       -4.23497
Ru   101.07       17.40333       31.20910       -4.23497
Ru   101.07       17.40333       33.94939       -4.23497
Ru   101.07       17.40333       36.68969       -4.23497
Ru   101.07       17.40333       39.42998       -4.23497
Ru   101.07       17.40333       42.17028       -4.23497
Ru   101.07       19.77650      -11.26549       -4.23497
Ru   101.07       19.77650       -8.52520       -4.23497
Ru   101.07       19.77650       -5.78490       -4.23497
Ru   101.07       19.77650       -3.04461       -4.23497
Ru   101.07       19.77650       -0.30431       -4.23497
Ru   101.07       19.77650        2.43599       -4.23497
Ru   101.07       19.77650        5.17628       -4.23497
Ru   101.07       19.77650        7.91658       -4.23497
Ru   101.07       19.77650       10.65687       -4.23497
Ru   101.07       19.77650       13.39717       -4.23497
Ru   101.07       19.77650       16.13747       -4.23497
Ru   101.07       19.77650       18.87776       -4.23497
Ru   101.07       19.77650       21.61806       -4.23497
Ru   101.07       19.77650       24.35835       -4.23497
Ru   101.07       19.77650       27.09865       -4.23497
Ru   101.07       19.77650       29.83895       -4.23497
Ru   101.07       19.77650       32.57924       -4.23497
Ru   101.07       19.77650       35.31954       -4.23497
Ru   101.07       19.77650       38.05984       -4.23497
Ru   101.07       19.77650       40.80013       -4.23497
Ru   101.07       22.14966      -12.63564       -4.23497
Ru   101.07       22.14966       -9.89535       -4.23497
Ru   101.07       22.14966       -7.15505       -4.23497
Ru   101.07       22.14966       -4.41475       -4.23497
Ru   101.07       22.14966       -1.67446       -4.23497
Ru   101.07       22.14966        1.06584       -4.23497
Ru   101.07       22.14966        3.80614       -4.23497
Ru   101.07       22.14966        6.54643       -4.23497
Ru   101.07       22.14966        9.28673       -4.23497
Ru   101.07       22.14966       12.02702       -4.23497
Ru   101.07       22.14966       14.76732       -4.23497
Ru   101.07       22.14966       17.50762       -4.23497
Ru   101.07       22.14966       20.24791       -4.23497
Ru   101.07       22.14966       22.98821       -4.23497
Ru   101.07       22.14966       25.72850       -4.23497
Ru   101.07       22.14966       28.46880       -4.23497
Ru   101.07       22.14966       31.20910       -4.23497
Ru   101.07       22.14966       33.94939       -4.23497
Ru   101.07       22.14966       36.68969       -4.23497
Ru   101.07       22.14966       39.42998       -4.23497
Ru   101.07       24.52283      -14.00579       -4.23497
Ru   101.07       24.52283      -11.26549       -4.23497
Ru   101.07       24.52283       -8.52520       -4.23497
Ru   101.07       24.52283       -5.78490       -4.23497
Ru   101.07       24.52283       -3.04461       -4.23497
Ru   101.07       24.52283       -0.30431       -4.23497
Ru   101.07       24.52283        2.43599       -4.23497
Ru   101.07       24.52283        5.17628       -4.23497
Ru   101.07       24.52283        7.91658       -4.23497
Ru   101.07       24.52283       10.65687       -4.23497
Ru   101.07       24.52283       13.39717       -4.23497
Ru   101.07       24.52283       16.13747       -4.23497
Ru   101.07       24.52283       18.87776       -4.23497
Ru   101.07       24.52283       21.61806       -4.23497
Ru   101.07       24.52283       24.35836       -4.23497
Ru   101.07       24.52283       27.09865       -4.23497
Ru   101.07       24.52283       29.83895       -4.23497
Ru   101.07       24.52283       32.57925       -4.23497
Ru   101.07       24.52283       35.31954       -4.23497
Ru   101.07       24.52283       38.05984       -4.23497
Ru   101.07       26.89600      -15.37594       -4.23497
Ru   101.07       26.89600      -12.63564       -4.23497
Ru   101.07       26.89600       -9.89535       -4.23497
Ru   101.07       26.89600       -7.15505       -4.23497
Ru   101.07       26.89600       -4.41475       -4.23497
Ru   101.07       26.89600       -1.67446       -4.23497
Ru   101.07       26.89600        1.06584       -4.23497
Ru   101.07       26.89600        3.80613       -4.23497
Ru   101.07       26.89600        6.54643       -4.23497
Ru   101.07       26.89600        9.28673       -4.23497
Ru   101.07       26.89600       12.02702       -4.23497
Ru   101.07       26.89600       14.76732       -4.23497
Ru   101.07       26.89600       17.50762       -4.23497
Ru   101.07       26.89600       20.24791       -4.23497
Ru   101.07       26.89600       22.98821       -4.23497
Ru   101.07       26.89600       25.72850       -4.23497
Ru   101.07       26.89600       28.46880       -4.23497
Ru   101.07       26.89600       31.20910       -4.23497
Ru   101.07       26.89600       33.94939       -4.23497
Ru   101.07       26.89600       36.68969       -4.23497
Ru   101.07       29.26916      -16.74609       -4.23497
Ru   101.07       29.26916      -14.00579       -4.23497
Ru   101.07       29.26916      -11.26550       -4.23497
Ru   101.07       29.26916       -8.52520       -4.23497
Ru   101.07       29.26916       -5.78490       -4.23497
Ru   101.07       29.26916       -3.04461       -4.23497
Ru   101.07       29.26916       -0.30431       -4.23497
Ru   101.07       29.26916        2.43599       -4.23497
Ru   101.07       29.26916        5.17628       -4.23497
Ru   101.07       29.26916        7.91658       -4.23497
Ru   101.07       29.26916       10.65687       -4.23497
Ru   101.07       29.26916       13.39717       -4.23497
Ru   101.07       29.26916       16.13747       -4.23497
Ru   101.07       29.26916       18.87776       -4.23497
Ru   101.07       29.26916       21.61806       -4.23497
Ru   101.07       29.26916       24.35836       -4.23497
Ru   101.07       29.26916       27.09865       -4.23497
Ru   101.07       29.26916       29.83895       -4.23497
Ru   101.07       29.26916       32.57924       -4.23497
Ru   101.07       29.26916       35.31954       -4.23497
Ru   101.07       31.64233      -18.11623       -4.23497
Ru   101.07       31.64233      -15.37594       -4.23497
Ru   101.07       31.64233      -12.63564       -4.23497
Ru   101.07       31.64233       -9.89535       -4.23497
Ru   101.07       31.64233       -7.15505       -4.23497
Ru   101.07       31.64233       -4.41475       -4.23497
Ru   101.07       31.64233       -1.67446       -4.23497
Ru   101.07       31.64233        1.06584       -4.23497
Ru   101.07       31.64233        3.80614       -4.23497
Ru   101.07       31.64233        6.54643       -4.23497
Ru   101.07       31.64233        9.28673       -4.23497
Ru   101.07       31.64233       12.02702       -4.23497
Ru   101.07       31.64233       14.76732       -4.23497
Ru   101.07       31.64233       17.50761       -4.23497
Ru   101.07       31.64233       20.24791       -4.23497
Ru   101.07       31.64233       22.98821       -4.23497
Ru   101.07       31.64233       25.72851       -4.23497
Ru   101.07       31.64233       28.46880       -4.23497
Ru   101.07       31.64233       31.20910       -4.23497
Ru   101.07       31.64233       33.94939       -4.23497
Ru   101.07       34.01550      -19.48638       -4.23497
Ru   101.07       34.01550      -16.74609       -4.23497
Ru   101.07       34.01550      -14.00579       -4.23497
Ru   101.07       34.01550      -11.26549       -4.23497
Ru   101.07       34.01550       -8.52520       -4.23497
Ru   101.07       34.01550       -5.78490       -4.23497
Ru   101.07       34.01550       -3.04461       -4.23497
Ru   101.07       34.01550       -0.30431       -4.23497
Ru   101.07       34.01550        2.43599       -4.23497
Ru   101.07       34.01550        5.17628       -4.23497
Ru   101.07       34.01550        7.91658       -4.23497
Ru   101.07       34.01550       10.65688       -4.23497
Ru   101.07       34.01550       13.39717       -4.23497
Ru   101.07       34.01550       16.13747       -4.23497
Ru   101.07       34.01550       18.87776       -4.23497
Ru   101.07       34.01550       21.61806       -4.23497
Ru   101.07       34.01550       24.35836       -4.23497
Ru   101.07       34.01550       27.09865       -4.23497
Ru   101.07       34.01550       29.83895       -4.23497
Ru   101.07       34.01550       32.57924       -4.23497
Ru   101.07       36.38866      -20.85653       -4.23497
Ru   101.07       36.38866      -18.11624       -4.23497
Ru   101.07       36.38866      -15.37594       -4.23497
Ru   101.07       36.38866      -12.63564       -4.23497
Ru   101.07       36.38866       -9.89535       -4.23497
Ru   101.07       36.38866       -7.15505       -4.23497
Ru   101.07       36.38866       -4.41475       -4.23497
Ru   101.07       36.38866       -1.67446       -4.23497
Ru   101.07       36.38866        1.06584       -4.23497
Ru   101.07       36.38866        3.80613       -4.23497
Ru   101.07       36.38866        6.54643       -4.23497
Ru   101.07       36.38866        9.28673       -4.23497
Ru   101.07       36.38866       12.02702       -4.23497
Ru   101.07       36.38866       14.76732       -4.23497
Ru   101.07       36.38866       17.50761       -4.23497
Ru   101.07       36.38866       20.24791       -4.23497
Ru   101.07       36.38866       22.98821       -4.23497
Ru   101.07       36.38866       25.72851       -4.23497
Ru   101.07       36.38866       28.46880       -4.23497
Ru   101.07       36.38866       31.20910       -4.23497
Ru   101.07       38.76183      -22.22668       -4.23497
Ru   101.07       38.76183      -19.48638       -4.23497
Ru   101.07       38.76183      -16.74609       -4.23497
Ru   101.07       38.76183      -14.00579       -4.23497
Ru   101.07       38.76183      -11.26549       -4.23497
Ru   101.07       38.76183       -8.52520       -4.23497
Ru   101.07       38.76183       -5.78490       -4.23497
Ru   101.07       38.76183       -3.04461       -4.23497
Ru   101.07       38.76183       -0.30431       -4.23497
Ru   101.07       38.76183        2.43599       -4.23497
Ru   101.07       38.76183        5.17628       -4.23497
Ru   101.07       38.76183        7.91658       -4.23497
Ru   101.07       38.76183       10.65688       -4.23497
Ru   101.07       38.76183       13.39717       -4.23497
Ru   101.07       38.76183       16.13747       -4.23497
Ru   101.07       38.76183       18.87776       -4.23497
Ru   101.07       38.76183       21.61806       -4.23497
Ru   101.07       38.76183       24.35836       -4.23497
Ru   101.07       38.76183       27.09865       -4.23497
Ru   101.07       38.76183       29.83895       -4.23497
Ru   101.07       41.13500      -23.59683       -4.23497
Ru   101.07       41.13500      -20.85653       -4.23497
Ru   101.07       41.13500      -18.11624       -4.23497
Ru   101.07       41.13500      -15.37594       -4.23497
Ru   101.07       41.13500      -12.63564       -4.23497
Ru   101.07       41.13500       -9.89535       -4.23497
Ru   101.07       41.13500       -7.15505       -4.23497
Ru   101.07       41.13500       -4.41476       -4.23497
Ru   101.07       41.13500       -1.67446       -4.23497
Ru   101.07       41.13500        1.06584       -4.23497
Ru   101.07       41.13500        3.80613       -4.23497
Ru   101.07       41.13500        6.54643       -4.23497
Ru   101.07       41.13500        9.28673       -4.23497
Ru   101.07       41.13500       12.02702       -4.23497
Ru   101.07       41.13500       14.76732       -4.23497
Ru   101.07       41.13500       17.50761       -4.23497
Ru   101.07       41.13500       20.24791       -4.23497
Ru   101.07       41.13500       22.98821       -4.23497
Ru   101.07       41.13500       25.72850       -4.23497
Ru   101.07       41.13500       28.46880       -4.23497
Ru   101.07       43.50816      -24.96698       -4.23497
Ru   101.07       43.50816      -22.22668       -4.23497
Ru   101.07       43.50816      -19.48638       -4.23497
Ru   101.07       43.50816      -16.74609       -4.23497
Ru   101.07       43.50816      -14.00579       -4.23497
Ru   101.07       43.50816      -11.26549       -4.23497
Ru   101.07       43.50816       -8.52520       -4.23497
Ru   101.07       43.50816       -5.78490       -4.23497
Ru   101.07       43.50816       -3.04461       -4.23497
Ru   101.07       43.50816       -0.30431       -4.23497
Ru   101.07       43.50816        2.43599       -4.23497
Ru   101.07       43.50816        5.17628       -4.23497
Ru   101.07       43.50816        7.91658       -4.23497
Ru   101.07       43.50816       10.65687       -4.23497
Ru   101.07       43.50816       13.39717       -4.23497
Ru   101.07       43.50816       16.13747       -4.23497
Ru   101.07       43.50816       18.87776       -4.23497
Ru   101.07       43.50816       21.61806       -4.23497
Ru   101.07       43.50816       24.35836       -4.23497
Ru   101.07       43.50816       27.09865       -4.23497
Ru   101.07       45.88133      -26.33712       -4.23497
Ru   101.07       45.88133      -23.59683       -4.23497
Ru   101.07       45.88133      -20.85653       -4.23497
Ru   101.07       45.88133      -18.11623       -4.23497
Ru   101.07       45.88133      -15.37594       -4.23497
Ru   101.07       45.88133      -12.63564       -4.23497
Ru   101.07       45.88133       -9.89535       -4.23497
Ru   101.07       45.88133       -7.15505       -4.23497
Ru   101.07       45.88133       -4.41475       -4.23497
Ru   101.07       45.88133       -1.67446       -4.23497
Ru   101.07       45.88133        1.06584       -4.23497
Ru   101.07       45.88133        3.80614       -4.23497
Ru   101.07       45.88133        6.54643       -4.23497
Ru   101.07       45.88133        9.28673       -4.23497
Ru   101.07       45.88133       12.02702       -4.23497
Ru   101.07       45.88133       14.76732       -4.23497
Ru   101.07       45.88133       17.50762       -4.23497
Ru   101.07       45.88133       20.24791       -4.23497
Ru   101.07       45.88133       22.98821       -4.23497
Ru   101.07       45.88133       25.72850       -4.23497
Ru   101.07        1.58222        1.06585       -2.07168
Ru   101.07        1.58222        3.80615       -2.07168
Ru   101.07        1.58222        6.54644       -2.07168
Ru   101.07        1.58222        9.28674       -2.07168
Ru   101.07        1.58222       12.02704       -2.07168
Ru   101.07        1.58222       14.76733       -2.07168
Ru   101.07        1.58222       17.50763       -2.07168
Ru   101.07        1.58222       20.24793       -2.07168
Ru   101.07        1.58222       22.98822       -2.07168
Ru   101.07        1.58222       25.72852       -2.07168
Ru   101.07        1.58222       28.46881       -2.07168
Ru   101.07        1.58222       31.20911       -2.07168
Ru   101.07        1.58222       33.94941       -2.07168
Ru   101.07        1.58222       36.68970       -2.07168
Ru   101.07        1.58222       39.43000       -2.07168
Ru   101.07        1.58222       42.17029       -2.07168
Ru   101.07        1.58222       44.91059       -2.07168
Ru   101.07        1.58222       47.65089       -2.07168
Ru   101.07        1.58222       50.39118       -2.07168
Ru   101.07        1.58222       53.13148       -2.07168
Ru   101.07        3.95538       -0.30430       -2.07168
Ru   101.07        3.95538        2.43600       -2.07168
Ru   101.07        3.95538        5.17630       -2.07168
Ru   101.07        3.95538        7.91659       -2.07168
Ru   101.07        3.95538       10.65689       -2.07168
Ru   101.07        3.95538       13.39718       -2.07168
Ru   101.07        3.95538       16.13748       -2.07168
Ru   101.07        3.95538       18.87778       -2.07168
Ru   101.07        3.95538       21.61807       -2.07168
Ru   101.07        3.95538       24.35837       -2.07168
Ru   101.07        3.95538       27.09867       -2.07168
Ru   101.07        3.95538       29.83896       -2.07168
Ru   101.07        3.95538       32.57926       -2.07168
Ru   101.07        3.95538       35.31955       -2.07168
Ru   101.07        3.95538       38.05985       -2.07168
Ru   101.07        3.95538       40.80015       -2.07168
Ru   101.07        3.95538       43.54044       -2.07168
Ru   101.07        3.95538       46.28074       -2.07168
Ru   101.07        3.95538       49.02104       -2.07168
Ru   101.07        3.95538       51.76133       -2.07168
Ru   101.07        6.32855       -1.67444       -2.07168
Ru   101.07        6.32855        1.06585       -2.07168
Ru   101.07        6.32855        3.80615       -2.07168
Ru   101.07        6.32855        6.54644       -2.07168
Ru   101.07        6.32855        9.28674       -2.07168
Ru   101.07        6.32855       12.02704       -2.07168
Ru   101.07        6.32855       14.76733       -2.07168
Ru   101.07        6.32855       17.50763       -2.07168
Ru   101.07        6.32855       20.24793       -2.07168
Ru   101.07        6.32855       22.98822       -2.07168
Ru   101.07        6.32855       25.72852       -2.07168
Ru   101.07        6.32855       28.46881       -2.07168
Ru   101.07        6.32855       31.20911       -2.07168
Ru   101.07        6.32855       33.94941       -2.07168
Ru   101.07        6.32855       36.68970       -2.07168
Ru   101.07        6.32855       39.43000       -2.07168
Ru   101.07        6.32855       42.17029       -2.07168
Ru   101.07        6.32855       44.91059       -2.07168
Ru   101.07        6.32855       47.65089       -2.07168
Ru   101.07        6.32855       50.39118       -2.07168
Ru   101.07        8.70172       -3.04459       -2.07168
Ru   101.07        8.70172       -0.30430       -2.07168
Ru   101.07        8.70172        2.43600       -2.07168
Ru   101.07        8.70172        5.17630       -2.07168
Ru   101.07        8.70172        7.91659       -2.07168
Ru   101.07        8.70172       10.65689       -2.07168
Ru   101.07        8.70172       13.39718       -2.07168
Ru   101.07        8.70172       16.13748       -2.07168
Ru   101.07        8.70172       18.87778       -2.07168
Ru   101.07        8.70172       21.61807       -2.07168
Ru   101.07        8.70172       24.35837       -2.07168
Ru   101.07        8.70172       27.09867       -2.07168
Ru   101.07        8.70172       29.83896       -2.07168
Ru   101.07        8.70172       32.57926       -2.07168
Ru   101.07        8.70172       35.31955       -2.07168
Ru   101.07        8.70172       38.05985       -2.07168
Ru   101.07        8.70172       40.80015       -2.07168
Ru   101.07        8.70172       43.54044       -2.07168
Ru   101.07        8.70172       46.28074       -2.07168
Ru   101.07        8.70172       49.02104       -2.07168
Ru   101.07       11.07488       -4.41474       -2.07168
Ru   101.07       11.07488       -1.67444       -2.07168
Ru   101.07       11.07488        1.06585       -2.07168
Ru   101.07       11.07488        3.80615       -2.07168
Ru   101.07       11.07488        6.54644       -2.07168
Ru   101.07       11.07488        9.28674       -2.07168
Ru   101.07       11.07488       12.02704       -2.07168
Ru   101.07       11.07488       14.76733       -2.07168
Ru   101.07       11.07488       17.50763       -2.07168
Ru   101.07       11.07488       20.24793       -2.07168
Ru   101.07       11.07488       22.98822       -2.07168
Ru   101.07       11.07488       25.72852       -2.07168
Ru   101.07       11.07488       28.46881       -2.07168
Ru   101.07       11.07488       31.20911       -2.07168
Ru   101.07       11.07488       33.94941       -2.07168
Ru   101.07       11.07488       36.68970       -2.07168
Ru   101.07       11.07488       39.43000       -2.07168
Ru   101.07       11.07488       42.17029       -2.07168
Ru   101.07       11.07488       44.91059       -2.07168
Ru   101.07       11.07488       47.65089       -2.07168
Ru   101.07       13.44805       -5.78489       -2.07168
Ru   101.07       13.44805       -3.04459       -2.07168
Ru   101.07       13.44805       -0.30430       -2.07168
Ru   101.07       13.44805        2.43600       -2.07168
Ru   101.07       13.44805        5.17630       -2.07168
Ru   101.07       13.44805        7.91659       -2.07168
Ru   101.07       13.44805       10.65689       -2.07168
Ru   101.07       13.44805       13.39718       -2.07168
Ru   101.07       13.44805       16.13748       -2.07168
Ru   101.07       13.44805       18.87778       -2.07168
Ru   101.07       13.44805       21.61807       -2.07168
Ru   101.07       13.44805       24.35837       -2.07168
Ru   101.07       13.44805       27.09867       -2.07168
Ru   101.07       13.44805       29.83896       -2.07168
Ru   101.07       13.44805       32.57926       -2.07168
Ru   101.07       13.44805       35.31955       -2.07168
Ru   101.07       13.44805       38.05985       -2.07168
Ru   101.07       13.44805       40.80015       -2.07168
Ru   101.07       13.44805       43.54044       -2.07168
Ru   101.07       13.44805       46.28074       -2.07168
Ru   101.07       15.82121       -7.15504       -2.07168
Ru   101.07       15.82121       -4.41474       -2.07168
Ru   101.07       15.82121       -1.67444       -2.07168
Ru   101.07       15.82121        1.06585       -2.07168
Ru   101.07       15.82121        3.80615       -2.07168
Ru   101.07       15.82121        6.54644       -2.07168
Ru   101.07       15.82121        9.28674       -2.07168
Ru   101.07       15.82121       12.02704       -2.07168
Ru   101.07       15.82121       14.76733       -2.07168
Ru   101.07       15.82121       17.50763       -2.07168
Ru   101.07       15.82121       20.24793       -2.07168
Ru   101.07       15.82121       22.98822       -2.07168
Ru   101.07       15.82121       25.72852       -2.07168
Ru   101.07       15.82121       28.46881       -2.07168
Ru   101.07       15.82121       31.20911       -2.07168
Ru   101.07       15.82121       33.94941       -2.07168
Ru   101.07       15.82121       36.68970       -2.07168
Ru   101.07       15.82121       39.43000       -2.07168
Ru   101.07       15.82121       42.17029       -2.07168
Ru   101.07       15.82121       44.91059       -2.07168
Ru   101.07       18.19438       -8.52518       -2.07168
Ru   101.07       18.19438       -5.78489       -2.07168
Ru   101.07       18.19438       -3.04459       -2.07168
Ru   101.07       18.19438       -0.30430       -2.07168
Ru   101.07       18.19438        2.43600       -2.07168
Ru   101.07       18.19438        5.17630       -2.07168
Ru   101.07       18.19438        7.91659       -2.07168
Ru   101.07       18.19438       10.65689       -2.07168
Ru   101.07       18.19438       13.39718       -2.07168
Ru   101.07       18.19438       16.13748       -2.07168
Ru   101.07       18.19438       18.87778       -2.07168
Ru   101.07       18.19438       21.61807       -2.07168
Ru   101.07       18.19438       24.35837       -2.07168
Ru   101.07       18.19438       27.09867       -2.07168
Ru   101.07       18.19438       29.83896       -2.07168
Ru   101.07       18.19438       32.57926       -2.07168
Ru   101.07       18.19438       35.31955       -2.07168
Ru   101.07       18.19438       38.05985       -2.07168
Ru   101.07       18.19438       40.80015       -2.07168
Ru   101.07       18.19438       43.54044       -2.07168
Ru   101.07       20.56755       -9.89533       -2.07168
Ru   101.07       20.56755       -7.15504       -2.07168
Ru   101.07       20.56755       -4.41474       -2.07168
Ru   101.07       20.56755       -1.67444       -2.07168
Ru   101.07       20.56755        1.06585       -2.07168
Ru   101.07       20.56755        3.80615       -2.07168
Ru   101.07       20.56755        6.54644       -2.07168
Ru   101.07       20.56755        9.28674       -2.07168
Ru   101.07       20.56755       12.02704       -2.07168
Ru   101.07       20.56755       14.76733       -2.07168
Ru   101.07       20.56755       17.50763       -2.07168
Ru   101.07       20.56755       20.24793       -2.07168
Ru   101.07       20.56755       22.98822       -2.07168
Ru   101.07       20.56755       25.72852       -2.07168
Ru   101.07       20.56755       28.46881       -2.07168
Ru   101.07       20.56755       31.20911       -2.07168
Ru   101.07       20.56755       33.94941       -2.07168
Ru   101.07       20.56755       36.68970       -2.07168
Ru   101.07       20.56755       39.43000       -2.07168
Ru   101.07       20.56755       42.17029       -2.07168
Ru   101.07       22.94071      -11.26548       -2.07168
Ru   101.07       22.94071       -8.52518       -2.07168
Ru   101.07       22.94071       -5.78489       -2.07168
Ru   101.07       22.94071       -3.04459       -2.07168
Ru   101.07       22.94071       -0.30430       -2.07168
Ru   101.07       22.94071        2.43600       -2.07168
Ru   101.07       22.94071        5.17630       -2.07168
Ru   101.07       22.94071        7.91659       -2.07168
Ru   101.07       22.94071       10.65689       -2.07168
Ru   101.07       22.94071       13.39718       -2.07168
Ru   101.07       22.94071       16.13748       -2.07168
Ru   101.07       22.94071       18.87778       -2.07168
Ru   101.07       22.94071       21.61807       -2.07168
Ru   101.07       22.94071       24.35837       -2.07168
Ru   101.07       22.94071       27.09867       -2.07168
Ru   101.07       22.94071       29.83896       -2.07168
Ru   101.07       22.94071       32.57926       -2.07168
Ru   101.07       22.94071       35.31955       -2.07168
Ru   101.07       22.94071       38.05985       -2.07168
Ru   101.07       22.94071       40.80015       -2.07168
Ru   101.07       25.31388      -12.63563       -2.07168
Ru   101.07       25.31388       -9.89533       -2.07168
Ru   101.07       25.31388       -7.15504       -2.07168
Ru   101.07       25.31388       -4.41474       -2.07168
Ru   101.07       25.31388       -1.67444       -2.07168
Ru   101.07       25.31388        1.06585       -2.07168
Ru   101.07       25.31388        3.80615       -2.07168
Ru   101.07       25.31388        6.54644       -2.07168
Ru   101.07       25.31388        9.28674       -2.07168
Ru   101.07       25.31388       12.02704       -2.07168
Ru   101.07       25.31388       14.76733       -2.07168
Ru   101.07       25.31388       17.50763       -2.07168
Ru   101.07       25.31388       20.24793       -2.07168
Ru   101.07       25.31388       22.98822       -2.07168
Ru   101.07       25.31388       25.72852       -2.07168
Ru   101.07       25.31388       28.46881       -2.07168
Ru   101.07       25.31388       31.20911       -2.07168
Ru   101.07       25.31388       33.94941       -2.07168
Ru   101.07       25.31388       36.68970       -2.07168
Ru   101.07       25.31388       39.43000       -2.07168
Ru   101.07       27.68704      -14.00578       -2.07168
Ru   101.07       27.68704      -11.26548       -2.07168
Ru   101.07       27.68704       -8.52518       -2.07168
Ru   101.07       27.68704       -5.78489       -2.07168
Ru   101.07       27.68704       -3.04459       -2.07168
Ru   101.07       27.68704       -0.30430       -2.07168
Ru   101.07       27.68704        2.43600       -2.07168
Ru   101.07       27.68704        5.17630       -2.07168
Ru   101.07       27.68704        7.91659       -2.07168
Ru   101.07       27.68704       10.65689       -2.07168
Ru   101.07       27.68704       13.39718       -2.07168
Ru   101.07       27.68704       16.13748       -2.07168
Ru   101.07       27.68704       18.87778       -2.07168
Ru   101.07       27.68704       21.61807       -2.07168
Ru   101.07       27.68704       24.35837       -2.07168
Ru   101.07       27.68704       27.09867       -2.07168
Ru   101.07       27.68704       29.83896       -2.07168
Ru   101.07       27.68704       32.57926       -2.07168
Ru   101.07       27.68704       35.31955       -2.07168
Ru   101.07       27.68704       38.05985       -2.07168
Ru   101.07       30.06021      -15.37593       -2.07168
Ru   101.07       30.06021      -12.63563       -2.07168
Ru   101.07       30.06021       -9.89533       -2.07168
Ru   101.07       30.06021       -7.15504       -2.07168
Ru   101.07       30.06021       -4.41474       -2.07168
Ru   101.07       30.06021       -1.67444       -2.07168
Ru   101.07       30.06021        1.06585       -2.07168
Ru   101.07       30.06021        3.80615       -2.07168
Ru   101.07       30.06021        6.54644       -2.07168
Ru   101.07       30.06021        9.28674       -2.07168
Ru   101.07       30.06021       12.02704       -2.07168
Ru   101.07       30.06021       14.76733       -2.07168
Ru   101.07       30.06021       17.50763       -2.07168
Ru   101.07       30.06021       20.24793       -2.07168
Ru   101.07       30.06021       22.98822       -2.07168
Ru   101.07       30.06021       25.72852       -2.07168
Ru   101.07       30.06021       28.46881       -2.07168
Ru   101.07       30.06021       31.20911       -2.07168
Ru   101.07       30.06021       33.94941       -2.07168
Ru   101.07       30.06021       36.68970       -2.07168
Ru   101.07       32.43338      -16.74607       -2.07168
Ru   101.07       32.43338      -14.00578       -2.07168
Ru   101.07       32.43338      -11.26548       -2.07168
Ru   101.07       32.43338       -8.52518       -2.07168
Ru   101.07       32.43338       -5.78489       -2.07168
Ru   101.07       32.43338       -3.04459       -2.07168
Ru   101.07       32.43338       -0.30430       -2.07168
Ru   101.07       32.43338        2.43600       -2.07168
Ru   101.07       32.43338        5.17630       -2.07168
Ru   101.07       32.43338        7.91659       -2.07168
Ru   101.07       32.43338       10.65689       -2.07168
Ru   101.07       32.43338       13.39718       -2.07168
Ru   101.07       32.43338       16.13748       -2.07168
Ru   101.07       32.43338       18.87778       -2.07168
Ru   101.07       32.43338       21.61807       -2.07168
Ru   101.07       32.43338       24.35837       -2.07168
Ru   101.07       32.43338       27.09867       -2.07168
Ru   101.07       32.43338       29.83896       -2.07168
Ru   101.07       32.43338       32.57926       -2.07168
Ru   101.07       32.43338       35.31955       -2.07168
Ru   101.07       34.80654      -18.11622       -2.07168
Ru   101.07       34.80654      -15.37593       -2.07168
Ru   101.07       34.80654      -12.63563       -2.07168
Ru   101.07       34.80654       -9.89533       -2.07168
Ru   101.07       34.80654       -7.15504       -2.07168
Ru   101.07       34.80654       -4.41474       -2.07168
Ru   101.07       34.80654       -1.67444       -2.07168
Ru   101.07       34.80654        1.06585       -2.07168
Ru   101.07       34.80654        3.80615       -2.07168
Ru   101.07       34.80654        6.54644       -2.07168
Ru   101.07       34.80654        9.28674       -2.07168
Ru   101.07       34.80654       12.02704       -2.07168
Ru   101.07       34.80654       14.76733       -2.07168
Ru   101.07       34.80654       17.50763       -2.07168
Ru   101.07       34.80654       20.24793       -2.07168
Ru   101.07       34.80654       22.98822       -2.07168
Ru   101.07       34.80654       25.72852       -2.07168
Ru   101.07       34.80654       28.46881       -2.07168
Ru   101.07       34.80654       31.20911       -2.07168
Ru   101.07       34.80654       33.94941       -2.07168
Ru   101.07       37.17971      -19.48637       -2.07168
Ru   101.07       37.17971      -16.74607       -2.07168
Ru   101.07       37.17971      -14.00578       -2.07168
Ru   101.07       37.17971      -11.26548       -2.07168
Ru   101.07       37.17971       -8.52518       -2.07168
Ru   101.07       37.17971       -5.78489       -2.07168
Ru   101.07       37.17971       -3.04459       -2.07168
Ru   101.07       37.17971       -0.30430       -2.07168
Ru   101.07       37.17971        2.43600       -2.07168
Ru   101.07       37.17971        5.17630       -2.07168
Ru   101.07       37.17971        7.91659       -2.07168
Ru   101.07       37.17971       10.65689       -2.07168
Ru   101.07       37.17971       13.39718       -2.07168
Ru   101.07       37.17971       16.13748       -2.07168
Ru   101.07       37.17971       18.87778       -2.07168
Ru   101.07       37.17971       21.61807       -2.07168
Ru   101.07       37.17971       24.35837       -2.07168
Ru   101.07       37.17971       27.09867       -2.07168
Ru   101.07       37.17971       29.83896       -2.07168
Ru   101.07       37.17971       32.57926       -2.07168
Ru   101.07       39.55288      -20.85652       -2.07168
Ru   101.07       39.55288      -18.11622       -2.07168
Ru   101.07       39.55288      -15.37593       -2.07168
Ru   101.07       39.55288      -12.63563       -2.07168
Ru   101.07       39.55288       -9.89533       -2.07168
Ru   101.07       39.55288       -7.15504       -2.07168
Ru   101.07       39.55288       -4.41474       -2.07168
Ru   101.07       39.55288       -1.67444       -2.07168
Ru   101.07       39.55288        1.06585       -2.07168
Ru   101.07       39.55288        3.80615       -2.07168
Ru   101.07       39.55288        6.54644       -2.07168
Ru   101.07       39.55288        9.28674       -2.07168
Ru   101.07       39.55288       12.02704       -2.07168
Ru   101.07       39.55288       14.76733       -2.07168
Ru   101.07       39.55288       17.50763       -2.07168
Ru   101.07       39.55288       20.24793       -2.07168
Ru   101.07       39.55288       22.98822       -2.07168
Ru   101.07       39.55288       25.72852       -2.07168
Ru   101.07       39.55288       28.46881       -2.07168
Ru   101.07       39.55288       31.20911       -2.07168
Ru   101.07       41.92604      -22.22667       -2.07168
Ru   101.07       41.92604      -19.48637       -2.07168
Ru   101.07       41.92604      -16.74607       -2.07168
Ru   101.07       41.92604      -14.00578       -2.07168
Ru   101.07       41.92604      -11.26548       -2.07168
Ru   101.07       41.92604       -8.52518       -2.07168
Ru   101.07       41.92604       -5.78489       -2.07168
Ru   101.07       41.92604       -3.04459       -2.07168
Ru   101.07       41.92604       -0.30430       -2.07168
Ru   101.07       41.92604        2.43600       -2.07168
Ru   101.07       41.92604        5.17630       -2.07168
Ru   101.07       41.92604        7.91659       -2.07168
Ru   101.07       41.92604       10.65689       -2.07168
Ru   101.07       41.92604       13.39718       -2.07168
Ru   101.07       41.92604       16.13748       -2.07168
Ru   101.07       41.92604       18.87778       -2.07168
Ru   101.07       41.92604       21.61807       -2.07168
Ru   101.07       41.92604       24.35837       -2.07168
Ru   101.07       41.92604       27.09867       -2.07168
Ru   101.07       41.92604       29.83896       -2.07168
Ru   101.07       44.29921      -23.59681       -2.07168
Ru   101.07       44.29921      -20.85652       -2.07168
Ru   101.07       44.29921      -18.11622       -2.07168
Ru   101.07       44.29921      -15.37593       -2.07168
Ru   101.07       44.29921      -12.63563       -2.07168
Ru   101.07       44.29921       -9.89533       -2.07168
Ru   101.07       44.29921       -7.15504       -2.07168
Ru   101.07       44.29921       -4.41474       -2.07168
Ru   101.07       44.29921       -1.67444       -2.07168
Ru   101.07       44.29921        1.06585       -2.07168
Ru   101.07       44.29921        3.80615       -2.07168
Ru   101.07       44.29921        6.54644       -2.07168
Ru   101.07       44.29921        9.28674       -2.07168
Ru   101.07       44.29921       12.02704       -2.07168
Ru   101.07       44.29921       14.76733       -2.07168
Ru   101.07       44.29921       17.50763       -2.07168
Ru   101.07       44.29921       20.24793       -2.07168
Ru   101.07       44.29921       22.98822       -2.07168
Ru   101.07       44.29921       25.72852       -2.07168
Ru   101.07       44.29921       28.46881       -2.07168
Ru   101.07       46.67237      -24.96696       -2.07168
Ru   101.07       46.67237      -22.22667       -2.07168
Ru   101.07       46.67237      -19.48637       -2.07168
Ru   101.07       46.67237      -16.74607       -2.07168
Ru   101.07       46.67237      -14.00578       -2.07168
Ru   101.07       46.67237      -11.26548       -2.07168
Ru   101.07       46.67237       -8.52518       -2.07168
Ru   101.07       46.67237       -5.78489       -2.07168
Ru   101.07       46.67237       -3.04459       -2.07168
Ru   101.07       46.67237       -0.30430       -2.07168
Ru   101.07       46.67237        2.43600       -2.07168
Ru   101.07       46.67237        5.17630       -2.07168
Ru   101.07       46.67237        7.91659       -2.07168
Ru   101.07       46.67237       10.65689       -2.07168
Ru   101.07       46.67237       13.39718       -2.07168
Ru   101.07       46.67237       16.13748       -2.07168
Ru   101.07       46.67237       18.87778       -2.07168
Ru   101.07       46.67237       21.61807       -2.07168
Ru   101.07       46.67237       24.35837       -2.07168
Ru   101.07       46.67237       27.09867       -2.07168
Ru   101.07        0.79117       -0.30431        0.00000
Ru   101.07        0.79117        2.43599        0.00000
Ru   101.07        0.79117        5.17628        0.00000
Ru   101.07        0.79117        7.91658        0.00000
Ru   101.07        0.79117       10.65687        0.00000
Ru   101.07        0.79117       13.39717        0.00000
Ru   101.07        0.79117       16.13747        0.00000
Ru   101.07        0.79117       18.87776        0.00000
Ru   101.07        0.79117       21.61806        0.00000
Ru   101.07        0.79117       24.35836        0.00000
Ru   101.07        0.79117       27.09865        0.00000
Ru   101.07        0.79117       29.83895        0.00000
Ru   101.07        0.79117       32.57925        0.00000
Ru   101.07        0.79117       35.31954        0.00000
Ru   101.07        0.79117       38.05984        0.00000
Ru   101.07        0.79117       40.80013        0.00000
Ru   101.07        0.79117       43.54043        0.00000
Ru   101.07        0.79117       46.28073        0.00000
Ru   101.07        0.79117       49.02102        0.00000
Ru   101.07        0.79117       51.76132        0.00000
Ru   101.07        3.16434       -1.67446        0.00000
Ru   101.07        3.16434        1.06584        0.00000
Ru   101.07        3.16434        3.80613        0.00000
Ru   101.07        3.16434        6.54643        0.00000
Ru   101.07        3.16434        9.28673        0.00000
Ru   101.07        3.16434       12.02702        0.00000
Ru   101.07        3.16434       14.76732        0.00000
Ru   101.07        3.16434       17.50761        0.00000
Ru   101.07        3.16434       20.24791        0.00000
Ru   101.07        3.16434       22.98821        0.00000
Ru   101.07        3.16434       25.72850        0.00000
Ru   101.07        3.16434       28.46880        0.00000
Ru   101.07        3.16434       31.20910        0.00000
Ru   101.07        3.16434       33.94939        0.00000
Ru   101.07        3.16434       36.68969        0.00000
Ru   101.07        3.16434       39.42998        0.00000
Ru   101.07        3.16434       42.17028        0.00000
Ru   101.07        3.16434       44.91058        0.00000
Ru   101.07        3.16434       47.65087        0.00000
Ru   101.07        3.16434       50.39117        0.00000
Ru   101.07        5.53750       -3.04461        0.00000
Ru   101.07        5.53750       -0.30431        0.00000
Ru   101.07        5.53750        2.43599        0.00000
Ru   101.07        5.53750        5.17628        0.00000
Ru   101.07        5.53750        7.91658        0.00000
Ru   101.07        5.53750       10.65687        0.00000
Ru   101.07        5.53750       13.39717        0.00000
Ru   101.07        5.53750       16.13747        0.00000
Ru   101.07        5.53750       18.87776        0.00000
Ru   101.07        5.53750       21.61806        0.00000
Ru   101.07        5.53750       24.35836        0.00000
Ru   101.07        5.53750       27.09865        0.00000
Ru   101.07        5.53750       29.83895        0.00000
Ru   101.07        5.53750       32.57924        0.00000
Ru   101.07        5.53750       35.31954        0.00000
Ru   101.07        5.53750       38.05984        0.00000
Ru   101.07        5.53750       40.80013        0.00000
Ru   101.07        5.53750       43.54043        0.00000
Ru   101.07        5.53750       46.28072        0.00000
Ru   101.07        5.53750       49.02102        0.00000
Ru   101.07        7.91067       -4.41475        0.00000
Ru   101.07        7.91067       -1.67446        0.00000
Ru   101.07        7.91067        1.06584        0.00000
Ru   101.07        7.91067        3.80613        0.00000
Ru   101.07        7.91067        6.54643        0.00000
Ru   101.07        7.91067        9.28673        0.00000
Ru   101.07        7.91067       12.02702        0.00000
Ru   101.07        7.91067       14.76732        0.00000
Ru   101.07        7.91067       17.50762        0.00000
Ru   101.07        7.91067       20.24791        0.00000
Ru   101.07        7.91067       22.98821        0.00000
Ru   101.07        7.91067       25.72850        0.00000
Ru   101.07        7.91067       28.46880        0.00000
Ru   101.07        7.91067       31.20909        0.00000
Ru   101.07        7.91067       33.94939        0.00000
Ru   101.07        7.91067       36.68969        0.00000
Ru   101.07        7.91067       39.42999        0.00000
Ru   101.07        7.91067       42.17028        0.00000
Ru   101.07        7.91067       44.91058        0.00000
Ru   101.07        7.91067       47.65087        0.00000
Ru   101.07       10.28383       -5.78490        0.00000
Ru   101.07       10.28383       -3.04461        0.00000
Ru   101.07       10.28383       -0.30431        0.00000
Ru   101.07       10.28383        2.43599        0.00000
Ru   101.07       10.28383        5.17628        0.00000
Ru   101.07       10.28383        7.91658        0.00000
Ru   101.07       10.28383       10.65688        0.00000
Ru   101.07       10.28383       13.39717        0.00000
Ru   101.07       10.28383       16.13747        0.00000
Ru   101.07       10.28383       18.87776        0.00000
Ru   101.07       10.28383       21.61806        0.00000
Ru   101.07       10.28383       24.35836        0.00000
Ru   101.07       10.28383       27.09865        0.00000
Ru   101.07       10.28383       29.83895        0.00000
Ru   101.07       10.28383       32.57924        0.00000
Ru   101.07       10.28383       35.31954        0.00000
Ru   101.07       10.28383       38.05984        0.00000
Ru   101.07       10.28383       40.80013        0.00000
Ru   101.07       10.28383       43.54043        0.00000
Ru   101.07       10.28383       46.28072        0.00000
Ru   101.07       12.65700       -7.15505        0.00000
Ru   101.07       12.65700       -4.41475        0.00000
Ru   101.07       12.65700       -1.67446        0.00000
Ru   101.07       12.65700        1.06584        0.00000
Ru   101.07       12.65700        3.80613        0.00000
Ru   101.07       12.65700        6.54643        0.00000
Ru   101.07       12.65700        9.28673        0.00000
Ru   101.07       12.65700       12.02702        0.00000
Ru   101.07       12.65700       14.76732        0.00000
Ru   101.07       12.65700       17.50761        0.00000
Ru   101.07       12.65700       20.24791        0.00000
Ru   101.07       12.65700       22.98821        0.00000
Ru   101.07       12.65700       25.72851        0.00000
Ru   101.07       12.65700       28.46880        0.00000
Ru   101.07       12.65700       31.20910        0.00000
Ru   101.07       12.65700       33.94939        0.00000
Ru   101.07       12.65700       36.68969        0.00000
Ru   101.07       12.65700       39.42999        0.00000
Ru   101.07       12.65700       42.17028        0.00000
Ru   101.07       12.65700       44.91058        0.00000
Ru   101.07       15.03017       -8.52520        0.00000
Ru   101.07       15.03017       -5.78490        0.00000
Ru   101.07       15.03017       -3.04461        0.00000
Ru   101.07       15.03017       -0.30431        0.00000
Ru   101.07       15.03017        2.43599        0.00000
Ru   101.07       15.03017        5.17628        0.00000
Ru   101.07       15.03017        7.91658        0.00000
Ru   101.07       15.03017       10.65687        0.00000
Ru   101.07       15.03017       13.39717        0.00000
Ru   101.07       15.03017       16.13747        0.00000
Ru   101.07       15.03017       18.87776        0.00000
Ru   101.07       15.03017       21.61806        0.00000
Ru   101.07       15.03017       24.35836        0.00000
Ru   101.07       15.03017       27.09865        0.00000
Ru   101.07       15.03017       29.83895        0.00000
Ru   101.07       15.03017       32.57924        0.00000
Ru   101.07       15.03017       35.31954        0.00000
Ru   101.07       15.03017       38.05984        0.00000
Ru   101.07       15.03017       40.80013        0.00000
Ru   101.07       15.03017       43.54043        0.00000
Ru   101.07       17.40333       -9.89535        0.00000
Ru   101.07       17.40333       -7.15505        0.00000
Ru   101.07       17.40333       -4.41475        0.00000
Ru   101.07       17.40333       -1.67446        0.00000
Ru   101.07       17.40333        1.06584        0.00000
Ru   101.07       17.40333        3.80613        0.00000
Ru   101.07       17.40333        6.54643        0.00000
Ru   101.07       17.40333        9.28673        0.00000
Ru   101.07       17.40333       12.02702        0.00000
Ru   101.07       17.40333       14.76732        0.00000
Ru   101.07       17.40333       17.50762        0.00000
Ru   101.07       17.40333       20.24791        0.00000
Ru   101.07       17.40333       22.98821        0.00000
Ru   101.07       17.40333       25.72850        0.00000
Ru   101.07       17.40333       28.46880        0.00000
Ru   101.07       17.40333       31.20910        0.00000
Ru   101.07       17.40333       33.94939        0.00000
Ru   101.07       17.40333       36.68969        0.00000
Ru   101.07       17.40333       39.42998        0.00000
Ru   101.07       17.40333       42.17028        0.00000
Ru   101.07       19.77650      -11.26549        0.00000
Ru   101.07       19.77650       -8.52520        0.00000
Ru   101.07       19.77650       -5.78490        0.00000
Ru   101.07       19.77650       -3.04461        0.00000
Ru   101.07       19.77650       -0.30431        0.00000
Ru   101.07       19.77650        2.43599        0.00000
Ru   101.07       19.77650        5.17628        0.00000
Ru   101.07       19.77650        7.91658        0.00000
Ru   101.07       19.77650       10.65687        0.00000
Ru   101.07       19.77650       13.39717        0.00000
Ru   101.07       19.77650       16.13747        0.00000
Ru   101.07       19.77650       18.87776        0.00000
Ru   101.07       19.77650       21.61806        0.00000
Ru   101.07       19.77650       24.35835        0.00000
Ru   101.07       19.77650       27.09865        0.00000
Ru   101.07       19.77650       29.83895        0.00000
Ru   101.07       19.77650       32.57924        0.00000
Ru   101.07       19.77650       35.31954        0.00000
Ru   101.07       19.77650       38.05984        0.00000
Ru   101.07       19.77650       40.80013        0.00000
Ru   101.07       22.14966      -12.63564        0.00000
Ru   101.07       22.14966       -9.89535        0.00000
Ru   101.07       22.14966       -7.15505        0.00000
Ru   101.07       22.14966       -4.41475        0.00000
Ru   101.07       22.14966       -1.67446        0.00000
Ru   101.07       22.14966        1.06584        0.00000
Ru   101.07       22.14966        3.80614        0.00000
Ru   101.07       22.14966        6.54643        0.00000
Ru   101.07       22.14966        9.28673        0.00000
Ru   101.07       22.14966       12.02702        0.00000
Ru   101.07       22.14966       14.76732        0.00000
Ru   101.07       22.14966       17.50762        0.00000
Ru   101.07       22.14966       20.24791        0.00000
Ru   101.07       22.14966       22.98821        0.00000
Ru   101.07       22.14966       25.72850        0.00000
Ru   101.07       22.14966       28.46880        0.00000
Ru   101.07       22.14966       31.20910        0.00000
Ru   101.07       22.14966       33.94939        0.00000
Ru   101.07       22.14966       36.68969        0.00000
Ru   101.07       22.14966       39.42998        0.00000
Ru   101.07       24.52283      -14.00579        0.00000
Ru   101.07       24.52283      -11.26549        0.00000
Ru   101.07       24.52283       -8.52520        0.00000
Ru   101.07       24.52283       -5.78490        0.00000
Ru   101.07       24.52283       -3.04461        0.00000
Ru   101.07       24.52283       -0.30431        0.00000
Ru   101.07       24.52283        2.43599        0.00000
Ru   101.07       24.52283        5.17628        0.00000
Ru   101.07       24.52283        7.91658        0.00000
Ru   101.07       24.52283       10.65687        0.00000
Ru   101.07       24.52283       13.39717        0.00000
Ru   101.07       24.52283       16.13747        0.00000
Ru   101.07       24.52283       18.87776        0.00000
Ru   101.07       24.52283       21.61806        0.00000
Ru   101.07       24.52283       24.35836        0.00000
Ru   101.07       24.52283       27.09865        0.00000
Ru   101.07       24.52283       29.83895        0.00000
Ru   101.07       24.52283       32.57925        0.00000
Ru   101.07       24.52283       35.31954        0.00000
Ru   101.07       24.52283       38.05984        0.00000
Ru   101.07       26.89600      -15.37594        0.00000
Ru   101.07       26.89600      -12.63564        0.00000
Ru   101.07       26.89600       -9.89535        0.00000
Ru   101.07       26.89600       -7.15505        0.00000
Ru   101.07       26.89600       -4.41475        0.00000
Ru   101.07       26.89600       -1.67446        0.00000
Ru   101.07       26.89600        1.06584        0.00000
Ru   101.07       26.89600        3.80613        0.00000
Ru   101.07       26.89600        6.54643        0.00000
Ru   101.07       26.89600        9.28673        0.00000
Ru   101.07       26.89600       12.02702        0.00000
Ru   101.07       26.89600       14.76732        0.00000
Ru   101.07       26.89600       17.50762        0.00000
Ru   101.07       26.89600       20.24791        0.00000
Ru   101.07       26.89600       22.98821        0.00000
Ru   101.07       26.89600       25.72850        0.00000
Ru   101.07       26.89600       28.46880        0.00000
Ru   101.07       26.89600       31.20910        0.00000
Ru   101.07       26.89600       33.94939        0.00000
Ru   101.07       26.89600       36.68969        0.00000
Ru   101.07       29.26916      -16.74609        0.00000
Ru   101.07       29.26916      -14.00579        0.00000
Ru   101.07       29.26916      -11.26550        0.00000
Ru   101.07       29.26916       -8.52520        0.00000
Ru   101.07       29.26916       -5.78490        0.00000
Ru   101.07       29.26916       -3.04461        0.00000
Ru   101.07       29.26916       -0.30431        0.00000
Ru   101.07       29.26916        2.43599        0.00000
Ru   101.07       29.26916        5.17628        0.00000
Ru   101.07       29.26916        7.91658        0.00000
Ru   101.07       29.26916       10.65687        0.00000
Ru   101.07       29.26916       13.39717        0.00000
Ru   101.07       29.26916       16.13747        0.00000
Ru   101.07       29.26916       18.87776        0.00000
Ru   101.07       29.26916       21.61806        0.00000
Ru   101.07       29.26916       24.35836        0.00000
Ru   101.07       29.26916       27.09865        0.00000
Ru   101.07       29.26916       29.83895        0.00000
Ru   101.07       29.26916       32.57924        0.00000
Ru   101.07       29.26916       35.31954        0.00000
Ru   101.07       31.64233      -18.11623        0.00000
Ru   101.07       31.64233      -15.37594        0.00000
Ru   101.07       31.64233      -12.63564        0.00000
Ru   101.07       31.64233       -9.89535        0.00000
Ru   101.07       31.64233       -7.15505        0.00000
Ru   101.07       31.64233       -4.41475        0.00000
Ru   101.07       31.64233       -1.67446        0.00000
Ru   101.07       31.64233        1.06584        0.00000
Ru   101.07       31.64233        3.80614        0.00000
Ru   101.07       31.64233        6.54643        0.00000
Ru   101.07       31.64233        9.28673        0.00000
Ru   101.07       31.64233       12.02702        0.00000
Ru   101.07       31.64233       14.76732        0.00000
Ru   101.07       31.64233       17.50761        0.00000
Ru   101.07       31.64233       20.24791        0.00000
Ru   101.07       31.64233       22.98821        0.00000
Ru   101.07       31.64233       25.72851        0.00000
Ru   101.07       31.64233       28.46880        0.00000
Ru   101.07       31.64233       31.20910        0.00000
Ru   101.07       31.64233       33.94939        0.00000
Ru   101.07       34.01550      -19.48638        0.00000
Ru   101.07       34.01550      -16.74609        0.00000
Ru   101.07       34.01550      -14.00579        0.00000
Ru   101.07       34.01550      -11.26549        0.00000
Ru   101.07       34.01550       -8.52520        0.00000
Ru   101.07       34.01550       -5.78490        0.00000
Ru   101.07       34.01550       -3.04461        0.00000
Ru   101.07       34.01550       -0.30431        0.00000
Ru   101.07       34.01550        2.43599        0.00000
Ru   101.07       34.01550        5.17628        0.00000
Ru   101.07       34.01550        7.91658        0.00000
Ru   101.07       34.01550       10.65688        0.00000
Ru   101.07       34.01550       13.39717        0.00000
Ru   101.07       34.01550       16.13747        0.00000
Ru   101.07       34.01550       18.87776        0.00000
Ru   101.07       34.01550       21.61806        0.00000
Ru   101.07       34.01550       24.35836        0.00000
Ru   101.07       34.01550       27.09865        0.00000
Ru   101.07       34.01550       29.83895        0.00000
Ru   101.07       34.01550       32.57924        0.00000
Ru   101.07       36.38866      -20.85653        0.00000
Ru   101.07       36.38866      -18.11624        0.00000
Ru   101.07       36.38866      -15.37594        0.00000
Ru   101.07       36.38866      -12.63564        0.00000
Ru   101.07       36.38866       -9.89535        0.00000
Ru   101.07       36.38866       -7.15505        0.00000
Ru   101.07       36.38866       -4.41475        0.00000
Ru   101.07       36.38866       -1.67446        0.00000
Ru   101.07       36.38866        1.06584        0.00000
Ru   101.07       36.38866        3.80613        0.00000
Ru   101.07       36.38866        6.54643        0.00000
Ru   101.07       36.38866        9.28673        0.00000
Ru   101.07       36.38866       12.02702        0.00000
Ru   101.07       36.38866       14.76732        0.00000
Ru   101.07       36.38866       17.50761        0.00000
Ru   101.07       36.38866       20.24791        0.00000
Ru   101.07       36.38866       22.98821        0.00000
Ru   101.07       36.38866       25.72851        0.00000
Ru   101.07       36.38866       28.46880        0.00000
Ru   101.07       36.38866       31.20910        0.00000
Ru   101.07       38.76183      -22.22668        0.00000
Ru   101.07       38.76183      -19.48638        0.00000
Ru   101.07       38.76183      -16.74609        0.00000
Ru   101.07       38.76183      -14.00579        0.00000
Ru   101.07       38.76183      -11.26549        0.00000
Ru   101.07       38.76183       -8.52520        0.00000
Ru   101.07       38.76183       -5.78490        0.00000
Ru   101.07       38.76183       -3.04461        0.00000
Ru   101.07       38.76183       -0.30431        0.00000
Ru   101.07       38.76183        2.43599        0.00000
Ru   101.07       38.76183        5.17628        0.00000
Ru   101.07       38.76183        7.91658        0.00000
Ru   101.07       38.76183       10.65688        0.00000
Ru   101.07       38.76183       13.39717        0.00000
Ru   101.07       38.76183       16.13747        0.00000
Ru   101.07       38.76183       18.87776        0.00000
Ru   101.07       38.76183       21.61806        0.00000
Ru   101.07       38.76183       24.35836        0.00000
Ru   101.07       38.76183       27.09865        0.00000
Ru   101.07       38.76183       29.83895        0.00000
Ru   101.07       41.13500      -23.59683        0.00000
Ru   101.07       41.13500      -20.85653        0.00000
Ru   101.07       41.13500      -18.11624        0.00000
Ru   101.07       41.13500      -15.37594        0.00000
Ru   101.07       41.13500      -12.63564        0.00000
Ru   101.07       41.13500       -9.89535        0.00000
Ru   101.07       41.13500       -7.15505        0.00000
Ru   101.07       41.13500       -4.41476        0.00000
Ru   101.07       41.13500       -1.67446        0.00000
Ru   101.07       41.13500        1.06584        0.00000
Ru   101.07       41.13500        3.80613        0.00000
Ru   101.07       41.13500        6.54643        0.00000
Ru   101.07       41.13500        9.28673        0.00000
Ru   101.07       41.13500       12.02702        0.00000
Ru   101.07       41.13500       14.76732        0.00000
Ru   101.07       41.13500       17.50761        0.00000
Ru   101.07       41.13500       20.24791        0.00000
Ru   101.07       41.13500       22.98821        0.00000
Ru   101.07       41.13500       25.72850        0.00000
Ru   101.07       41.13500       28.46880        0.00000
Ru   101.07       43.50816      -24.96698        0.00000
Ru   101.07       43.50816      -22.22668        0.00000
Ru   101.07       43.50816      -19.48638        0.00000
Ru   101.07       43.50816      -16.74609        0.00000
Ru   101.07       43.50816      -14.00579        0.00000
Ru   101.07       43.50816      -11.26549        0.00000
Ru   101.07       43.50816       -8.52520        0.00000
Ru   101.07       43.50816       -5.78490        0.00000
Ru   101.07       43.50816       -3.04461        0.00000
Ru   101.07       43.50816       -0.30431        0.00000
Ru   101.07       43.50816        2.43599        0.00000
Ru   101.07       43.50816        5.17628        0.00000
Ru   101.07       43.50816        7.91658        0.00000
Ru   101.07       43.50816       10.65687        0.00000
Ru   101.07       43.50816       13.39717        0.00000
Ru   101.07       43.50816       16.13747        0.00000
Ru   101.07       43.50816       18.87776        0.00000
Ru   101.07       43.50816       21.61806        0.00000
Ru   101.07       43.50816       24.35836        0.00000
Ru   101.07       43.50816       27.09865        0.00000
Ru   101.07       45.88133      -26.33712        0.00000
Ru   101.07       45.88133      -23.59683        0.00000
Ru   101.07       45.88133      -20.85653        0.00000
Ru   101.07       45.88133      -18.11623        0.00000
Ru   101.07       45.88133      -15.37594        0.00000
Ru   101.07       45.88133      -12.63564        0.00000
Ru   101.07       45.88133       -9.89535        0.00000
Ru   101.07       45.88133       -7.15505        0.00000
Ru   101.07       45.88133       -4.41475        0.00000
Ru   101.07       45.88133       -1.67446        0.00000
Ru   101.07       45.88133        1.06584        0.00000
Ru   101.07       45.88133        3.80614        0.00000
Ru   101.07       45.88133        6.54643        0.00000
Ru   101.07       45.88133        9.28673        0.00000
Ru   101.07       45.88133       12.02702        0.00000
Ru   101.07       45.88133       14.76732        0.00000
Ru   101.07       45.88133       17.50762        0.00000
Ru   101.07       45.88133       20.24791        0.00000
Ru   101.07       45.88133       22.98821        0.00000
Ru   101.07       45.88133       25.72850        0.00000
C   12.00000       15.57998       19.47403        3.00202
O   15.99491       15.57998       19.47403        4.17082
C   12.00000       41.57304      -20.00097        2.45322
O   15.99491       41.57304      -20.00097        3.55710
C   12.00000       20.59496       41.03171        2.36564
O   15.99491       20.59496       41.03171        3.46802
C   12.00000       10.83636       44.25256        2.45643
O   15.99491       10.83636       44.25256        3.56052
C   12.00000       39.00818       19.76768        2.37637
O   15.99491       39.00818       19.76768        3.47892
C   12.00000       22.60056       28.65399        2.36797
O   15.99491       22.60056       28.65399        3.46982
C   12.00000        4.05818        6.90367        2.38458
O   15.99491        4.05818        6.90367        3.48565
C   12.00000       36.53209      -20.29884        2.36871
O   15.99491       36.53209      -20.29884        3.47087
C   12.00000       17.99081       31.39688        2.47038
O   15.99491       17.99081       31.39688        3.57130
C   12.00000       41.67100        4.40619        2.41631
O   15.99491       41.67100        4.40619        3.51811
C   12.00000       46.76375      -12.42062        2.38992
O   15.99491       46.76375      -12.42062        3.49448
C   12.00000       44.23144      -24.77369        2.40194
O   15.99491       44.23144      -24.77369        3.50339
C   12.00000        8.45455       25.91275        2.38532
O   15.99491        8.45455       25.91275        3.48587
C   12.00000       24.70039       33.41799        2.36110
O   15.99491       24.70039       33.41799        3.46308
C   12.00000       41.20515       23.20056        2.39620
O   15.99491       41.20515       23.20056        3.49936
C   12.00000        8.54546        1.08503        2.45191
O   15.99491        8.54546        1.08503        3.55514
C   12.00000       27.16600        6.74936        2.38633
O   15.99491       27.16600        6.74936        3.48633
C   12.00000       15.51540       -8.20455        2.45805
O   15.99491       15.51540       -8.20455        3.55898
C   12.00000       39.08725       -5.16135        2.37722
O   15.99491       39.08725       -5.16135        3.48210
C   12.00000        1.27540        8.13599        2.40782
O   15.99491        1.27540        8.13599        3.50994
C   12.00000       39.22451       16.15022        2.39811
O   15.99491       39.22451       16.15022        3.50233
C   12.00000        3.33166        4.08833        2.38509
O   15.99491        3.33166        4.08833        3.49006
C   12.00000       27.15602      -12.02312        2.45988
O   15.99491       27.15602      -12.02312        3.56382
C   12.00000       24.77495       -8.14245        2.38404
O   15.99491       24.77495       -8.14245        3.48865
C   12.00000       20.22001       -8.08112        2.39236
O   15.99491       20.22001       -8.08112        3.49333
C   12.00000       10.96514       -2.43012        2.43819
O   15.99491       10.96514       -2.43012        3.53821
C   12.00000        5.61741       27.14868        2.44435
O   15.99491        5.61741       27.14868        3.54733
C   12.00000       12.88192       17.93293        2.45687
O   15.99491       12.88192       17.93293        3.55915
C   12.00000       25.01316      -10.85475        2.36701
O   15.99491       25.01316      -10.85475        3.46972
C   12.00000       38.90564      -13.35795        2.40062
O   15.99491       38.90564      -13.35795        3.50241
C   12.00000       24.66825      -13.66029        2.43024
O   15.99491       24.66825      -13.66029        3.53143
C   12.00000       43.56906      -15.89029        2.39104
O   15.99491       43.56906      -15.89029        3.49301
C   12.00000       46.50183       15.43910        2.40187
O   15.99491       46.50183       15.43910        3.50324
C   12.00000       39.03448      -19.14638        2.45383
O   15.99491       39.03448      -19.14638        3.55863
C   12.00000       15.25693        5.87958        2.37073
O   15.99491       15.25693        5.87958        3.47372
C   12.00000       12.72710       20.56790        2.41254
O   15.99491       12.72710       20.56790        3.51516
C   12.00000       29.70376       -2.42555        2.43878
O   15.99491       29.70376       -2.42555        3.54248
C   12.00000       25.34231       21.99298        2.39041
O   15.99491       25.34231       21.99298        3.49130
C   12.00000        6.33658        5.81357        2.44446
O   15.99491        6.33658        5.81357        3.54622
C   12.00000       20.57812      -10.67293        2.42225
O   15.99491       20.57812      -10.67293        3.52677
C   12.00000       46.18616       23.18273        2.43752
O   15.99491       46.18616       23.18273        3.54165
C   12.00000       38.97943       -2.17426        2.35473
O   15.99491       38.97943       -2.17426        3.45819
C   12.00000       26.97669       15.29289        2.43479
O   15.99491       26.97669       15.29289        3.53830
C   12.00000        0.84280       21.78038        2.43089
O   15.99491        0.84280       21.78038        3.53166
C   12.00000       27.27945       -3.66232        2.45122
O   15.99491       27.27945       -3.66232        3.55345
C   12.00000        1.65778       43.98575        2.42169
O   15.99491        1.65778       43.98575        3.52425
C   12.00000       41.23928        1.20891        2.47433
O   15.99491       41.23928        1.20891        3.57640
C   12.00000       22.41703        4.19278        2.37436
O   15.99491       22.41703        4.19278        3.47756
C   12.00000       24.82982       16.76528        2.44835
O   15.99491       24.82982       16.76528        3.54845
C   12.00000       39.54527      -16.60982        2.45955
O   15.99491       39.54527      -16.60982        3.56201
C   12.00000       15.26737        8.22213        2.41034
O   15.99491       15.26737        8.22213        3.51087
C   12.00000        5.65643       10.95287        2.41912
O   15.99491        5.65643       10.95287        3.52324
C   12.00000        3.46495        1.57409        2.36348
O   15.99491        3.46495        1.57409        3.46712
C   12.00000       34.48505        0.52384        2.37373
O   15.99491       34.48505        0.52384        3.47580
C   12.00000       26.98312        9.65746        2.40018
O   15.99491       26.98312        9.65746        3.50022
C   12.00000       41.89987       -4.21610        2.41712
O   15.99491       41.89987       -4.21610        3.51857
C   12.00000       36.96929       23.51337        2.36105
O   15.99491       36.96929       23.51337        3.46494
C   12.00000        0.99907       52.32978        2.40591
O   15.99491        0.99907       52.32978        3.50996
C   12.00000       25.04529       36.14572        2.37758
O   15.99491       25.04529       36.14572        3.48161
C   12.00000       10.54102       25.19731        2.38698
O   15.99491       10.54102       25.19731        3.49059
C   12.00000       46.62661       12.66064        2.44795
O   15.99491       46.62661       12.66064        3.55291
C   12.00000       41.46241      -23.45836        2.38569
O   15.99491       41.46241      -23.45836        3.49003
C   12.00000       20.15972        3.06710        2.47242
O   15.99491       20.15972        3.06710        3.57725
C   12.00000       34.05265      -16.00892        2.36292
O   15.99491       34.05265      -16.00892        3.46672
C   12.00000       29.49047      -16.29183        2.45483
O   15.99491       29.49047      -16.29183        3.55691
C   12.00000       36.80273       26.08246        2.40599
O   15.99491       36.80273       26.08246        3.50744
C   12.00000       41.59279      -15.31646        2.42110
O   15.99491       41.59279      -15.31646        3.52434
C   12.00000       44.16529        0.45218        2.41298
O   15.99491       44.16529        0.45218        3.51672
C   12.00000       38.97808       30.35933        2.40324
O   15.99491       38.97808       30.35933        3.50711
C   12.00000       10.99051       19.71871        2.46908
O   15.99491       10.99051       19.71871        3.57214
C   12.00000       44.25180       13.71039        2.38013
O   15.99491       44.25180       13.71039        3.48029
C   12.00000       27.34697       -9.13398        2.39770
O   15.99491       27.34697       -9.13398        3.49901
C   12.00000       36.86174        9.55070        2.44387
O   15.99491       36.86174        9.55070        3.54402
C   12.00000       31.87690       31.65596        2.38872
O   15.99491       31.87690       31.65596        3.49038
C   12.00000       24.60498        5.98923        2.39435
O   15.99491       24.60498        5.98923        3.49756
C   12.00000       18.11707        4.27592        2.37706
O   15.99491       18.11707        4.27592        3.48045
C   12.00000       27.54684       26.36409        2.35225
O   15.99491       27.54684       26.36409        3.45677
C   12.00000       29.60396       -5.38866        2.43658
O   15.99491       29.60396       -5.38866        3.53767
C   12.00000       22.58322       12.81277        2.38591
O   15.99491       22.58322       12.81277        3.48646
C   12.00000       41.19237       -6.77874        2.47028
O   15.99491       41.19237       -6.77874        3.57083
C   12.00000        5.94909       16.80513        2.44820
O   15.99491        5.94909       16.80513        3.55138
C   12.00000       11.18162       41.11240        2.38899
O   15.99491       11.18162       41.11240        3.49359
C   12.00000       22.39099       18.21420        2.35714
O   15.99491       22.39099       18.21420        3.46168
C   12.00000       12.89779       12.37143        2.36721
O   15.99491       12.89779       12.37143        3.47107
C   12.00000       34.16815       13.48141        2.43183
O   15.99491       34.16815       13.48141        3.53360
C   12.00000       23.04110       -4.01028        2.46625
O   15.99491       23.04110       -4.01028        3.56812
C   12.00000        6.32838       -2.98216        2.45589
O   15.99491        6.32838       -2.98216        3.55971
C   12.00000       13.22175       37.39606        2.43911
O   15.99491       13.22175       37.39606        3.54238
C   12.00000       32.23627       26.33057        2.45158
O   15.99491       32.23627       26.33057        3.55464
C   12.00000       38.77110        5.77939        2.37232
O   15.99491       38.77110        5.77939        3.47470
C   12.00000       10.31291        5.29748        2.45411
O   15.99491       10.31291        5.29748        3.55476
C   12.00000       30.08410       32.97916        2.47037
O   15.99491       30.08410       32.97916        3.57511
C   12.00000        5.70867        2.56746        2.42195
O   15.99491        5.70867        2.56746        3.52533
C   12.00000       17.44812       36.91582        2.40842
O   15.99491       17.44812       36.91582        3.50860
C   12.00000        8.44408        7.43423        2.36931
O   15.99491        8.44408        7.43423        3.47091
C   12.00000       39.57908        3.06101        2.41193
O   15.99491       39.57908        3.06101        3.51545
C   12.00000       43.73752       16.16954        2.45020
O   15.99491       43.73752       16.16954        3.55202
C   12.00000       31.91440       17.63876        2.38340
O   15.99491       31.91440       17.63876        3.48578
C   12.00000       24.61880       -5.40938        2.37169
O   15.99491       24.61880       -5.40938        3.47202
C   12.00000       20.07464       19.19474        2.43697
O   15.99491       20.07464       19.19474        3.53728
C   12.00000       18.04577        7.22819        2.36005
O   15.99491       18.04577        7.22819        3.46109
C   12.00000       15.20695       35.88345        2.42999
O   15.99491       15.20695       35.88345        3.53358
C   12.00000       32.24818       15.60379        2.35335
O   15.99491       32.24818       15.60379        3.45674
C   12.00000        4.04882       12.82548        2.43769
O   15.99491        4.04882       12.82548        3.54012
C   12.00000       41.87837       -9.42783        2.43230
O   15.99491       41.87837       -9.42783        3.53722
C   12.00000       13.02059       -3.56326        2.43238
O   15.99491       13.02059       -3.56326        3.53675
C   12.00000       17.80565       26.31175        2.42463
O   15.99491       17.80565       26.31175        3.52634
C   12.00000       32.28620       -9.23470        2.47269
O   15.99491       32.28620       -9.23470        3.57288
C   12.00000       10.88465       14.11563        2.39664
O   15.99491       10.88465       14.11563        3.49706
C   12.00000       34.68170        5.80489        2.44972
O   15.99491       34.68170        5.80489        3.55395
C   12.00000        8.39393       -3.80073        2.40194
O   15.99491        8.39393       -3.80073        3.50684
C   12.00000       32.10235       34.22338        2.40711
O   15.99491       32.10235       34.22338        3.51076
C   12.00000       20.44930       32.80760        2.46944
O   15.99491       20.44930       32.80760        3.57203
C   12.00000       41.64816       12.69489        2.38956
O   15.99491       41.64816       12.69489        3.49302
C   12.00000       46.37759      -25.90493        2.46325
O   15.99491       46.37759      -25.90493        3.56348
C   12.00000       29.60319        0.26144        2.41922
O   15.99491       29.60319        0.26144        3.52310
C   12.00000       29.36318        8.75240        2.41103
O   15.99491       29.36318        8.75240        3.51590
C   12.00000       24.53013       19.60223        2.36150
O   15.99491       24.53013       19.60223        3.46194
C   12.00000       46.03306      -15.34561        2.36167
O   15.99491       46.03306      -15.34561        3.46359
C   12.00000       10.40954       -4.90068        2.41025
O   15.99491       10.40954       -4.90068        3.51119
C   12.00000       15.91434       16.81122        2.36863
O   15.99491       15.91434       16.81122        3.47083
C   12.00000       17.91514       15.08683        2.43534
O   15.99491       17.91514       15.08683        3.53719
C   12.00000        5.83651       24.78269        2.40707
O   15.99491        5.83651       24.78269        3.50760
C   12.00000       17.84875       28.89893        2.43510
O   15.99491       17.84875       28.89893        3.53844
C   12.00000       17.74764       -9.49153        2.42090
O   15.99491       17.74764       -9.49153        3.52261
C   12.00000       20.14212       16.17117        2.45906
O   15.99491       20.14212       16.17117        3.56304
C   12.00000       15.84805       38.20708        2.36506
O   15.99491       15.84805       38.20708        3.46512
C   12.00000       43.69339       19.09272        2.37413
O   15.99491       43.69339       19.09272        3.47585
C   12.00000       43.74818      -10.67621        2.42047
O   15.99491       43.74818      -10.67621        3.52452
C   12.00000       15.84118       33.24039        2.44387
O   15.99491       15.84118       33.24039        3.54692
C   12.00000        8.75038        9.85150        2.37770
O   15.99491        8.75038        9.85150        3.48154
C   12.00000       18.11029       23.52315        2.39639
O   15.99491       18.11029       23.52315        3.49697
C   12.00000       15.29571       27.35176        2.36284
O   15.99491       15.29571       27.35176        3.46444
C   12.00000        0.94048       32.61321        2.45577
O   15.99491        0.94048       32.61321        3.55862
C   12.00000        3.95771       -0.84403        2.45835
O   15.99491        3.95771       -0.84403        3.55897
C   12.00000       34.59058       16.75986        2.40903
O   15.99491       34.59058       16.75986        3.51115
C   12.00000       31.79471        6.78939        2.37409
O   15.99491       31.79471        6.78939        3.47540
C   12.00000       22.49614       -9.75697        2.35099
O   15.99491       22.49614       -9.75697        3.45354
C   12.00000       25.33085        2.90464        2.36828
O   15.99491       25.33085        2.90464        3.47277
C   12.00000       39.27681        0.13296        2.37424
O   15.99491       39.27681        0.13296        3.47734
C   12.00000       17.53343       12.37862        2.41103
O   15.99491       17.53343       12.37862        3.51481
C   12.00000       44.21660       11.52549        2.37709
O   15.99491       44.21660       11.52549        3.48125
C   12.00000       11.07611       27.75219        2.40923
O   15.99491       11.07611       27.75219        3.51156
C   12.00000       22.34984       14.91885        2.36367
O   15.99491       22.34984       14.91885        3.46780
C   12.00000        3.78470       23.71660        2.38434
O   15.99491        3.78470       23.71660        3.48588
C   12.00000       22.91803       20.41023        2.35985
O   15.99491       22.91803       20.41023        3.46166
C   12.00000        5.62051       49.71342        2.46353
O   15.99491        5.62051       49.71342        3.56378
C   12.00000       31.94212       12.40843        2.36725
O   15.99491       31.94212       12.40843        3.46799
C   12.00000       36.94723      -12.27290        2.35509
O   15.99491       36.94723      -12.27290        3.45717
C   12.00000       17.90913       40.28164        2.41816
O   15.99491       17.90913       40.28164        3.51870
C   12.00000       34.24074        2.93066        2.39704
O   15.99491       34.24074        2.93066        3.49897
C   12.00000       34.77888       11.40619        2.39266
O   15.99491       34.77888       11.40619        3.49459
C   12.00000       29.38570       16.37229        2.45944
O   15.99491       29.38570       16.37229        3.56172
C   12.00000       19.97925       27.41003        2.42016
O   15.99491       19.97925       27.41003        3.52209
C   12.00000       43.75984       -5.40696        2.35123
O   15.99491       43.75984       -5.40696        3.45377
C   12.00000       27.32281       12.51486        2.45444
O   15.99491       27.32281       12.51486        3.55922
C   12.00000        3.58536       25.76175        2.44865
O   15.99491        3.58536       25.76175        3.54957
C   12.00000       34.48838       -5.61390        2.43339
O   15.99491       34.48838       -5.61390        3.53452
C   12.00000       46.77434       26.23114        2.40578
O   15.99491       46.77434       26.23114        3.50745
C   12.00000        1.62331        0.56194        2.42335
O   15.99491        1.62331        0.56194        3.52553
C   12.00000        1.35601       11.20205        2.42437
O   15.99491        1.35601       11.20205        3.52914
C   12.00000       15.66883       -5.39400        2.39765
O   15.99491       15.66883       -5.39400        3.50029
C   12.00000       22.16449       23.52821        2.41374
O   15.99491       22.16449       23.52821        3.51814
C   12.00000       43.88060       25.21562        2.42410
O   15.99491       43.88060       25.21562        3.52511
C   12.00000        1.04896       41.55428        2.41607
O   15.99491        1.04896       41.55428        3.51924
C   12.00000        1.38277       19.66489        2.36896
O   15.99491        1.38277       19.66489        3.47284
C   12.00000        3.72704       31.49636        2.45338
O   15.99491        3.72704       31.49636        3.55660
C   12.00000       18.10023       34.16869        2.47191
O   15.99491       18.10023       34.16869        3.57351
C   12.00000       37.08342       15.17336        2.44978
O   15.99491       37.08342       15.17336        3.55338
C   12.00000       43.76065      -19.35014        2.47316
O   15.99491       43.76065      -19.35014        3.57788
C   12.00000       36.82787        4.06306        2.46023
O   15.99491       36.82787        4.06306        3.56288
C   12.00000       15.43661       10.76047        2.39448
O   15.99491       15.43661       10.76047        3.49861
C   12.00000       37.22611       31.40066        2.37608
O   15.99491       37.22611       31.40066        3.47941
C   12.00000        1.45329       46.53575        2.37670
O   15.99491        1.45329       46.53575        3.47733
C   12.00000       34.10317       -2.29321        2.46762
O   15.99491       34.10317       -2.29321        3.56951
C   12.00000       38.97041       24.91033        2.36108
O   15.99491       38.97041       24.91033        3.46338
C   12.00000       20.65134       -4.98096        2.37106
O   15.99491       20.65134       -4.98096        3.47347
C   12.00000       12.94188       45.30265        2.36458
O   15.99491       12.94188       45.30265        3.46909
C   12.00000       29.67274      -13.24790        2.38182
O   15.99491       29.67274      -13.24790        3.48275
C   12.00000       22.21411      -11.99710        2.41241
O   15.99491       22.21411      -11.99710        3.51681
C   12.00000        8.31362       45.29689        2.44095
O   15.99491        8.31362       45.29689        3.54322
C   12.00000       22.41980        6.55006        2.44844
O   15.99491       22.41980        6.55006        3.55127
C   12.00000       31.89260       -1.05153        2.43349
O   15.99491       31.89260       -1.05153        3.53845
C   12.00000       41.43250       17.79851        2.46907
O   15.99491       41.43250       17.79851        3.56979
C   12.00000       10.67905       38.63910        2.36320
O   15.99491       10.67905       38.63910        3.46650
C   12.00000       39.66149      -10.42448        2.42924
O   15.99491       39.66149      -10.42448        3.52979
C   12.00000       17.89893       -6.68183        2.40651
O   15.99491       17.89893       -6.68183        3.50687
C   12.00000       27.77258       29.22863        2.41378
O   15.99491       27.77258       29.22863        3.51658
C   12.00000       34.23996      -18.97699        2.39150
O   15.99491       34.23996      -18.97699        3.49636
C   12.00000        8.26397       34.47975        2.37752
O   15.99491        8.26397       34.47975        3.48172
C   12.00000        3.49862       17.70566        2.35645
O   15.99491        3.49862       17.70566        3.45841
C   12.00000       46.63466      -23.37193        2.43039
O   15.99491       46.63466      -23.37193        3.53241
C   12.00000       34.47463       19.00426        2.37788
O   15.99491       34.47463       19.00426        3.47932
C   12.00000       38.99228       13.76794        2.45364
O   15.99491       38.99228       13.76794        3.55714
C   12.00000        6.31661       18.98007        2.42005
O   15.99491        6.31661       18.98007        3.52363
C   12.00000       29.44040       14.06974        2.41656
O   15.99491       29.44040       14.06974        3.52069
C   12.00000       42.02168       15.43143        2.36561
O   15.99491       42.02168       15.43143        3.46585
C   12.00000       39.36164      -22.17272        2.46488
O   15.99491       39.36164      -22.17272        3.56936
C   12.00000       34.74180       33.41636        2.39714
O   15.99491       34.74180       33.41636        3.49987
C   12.00000       37.00832       -6.52987        2.39375
O   15.99491       37.00832       -6.52987        3.49691

Upper bound of z-direction
10.0000
Lower bound of potential energy(eV)
-200000.00000
Umbrella Sampling
Window Index
15
Equilibrium z0 value(A)
3.00202
Force constant (kcal/mol/A/A) [Ebias = 0.5 * fc * (z-z0) ** 2
184.48400
